<?xml version="1.0" encoding="UTF-8"?>
<robot generated="20151217 06:30:37.712" generator="Robot 2.9.1 (Python 2.7.9 on linux2)">
<suite source="/home/anilkmr/TIP_Execution/TIP_N3K_BFD/tip_n3k_bfd_robotfile.txt" id="s1" name="Tip N3K Bfd Robotfile">
<kw type="setup" name="Suite Setup" library="tip_n3k_bfd_testsuite.TestSuite">
<msg timestamp="20151217 06:30:39.886" level="INFO">${dutobj} = &lt;deviceLib.deviceLib instance at 0x7fa427683cf8&gt;</msg>
<msg timestamp="20151217 06:30:40.261" level="INFO">Command response:
 show version
Cisco Nexus Operating System (NX-OS) Software
TAC support: http://www.cisco.com/tac
Documents: http://www.cisco.com/en/US/products/ps9372/tsd_products_support_series_home.html
Copyright (c) 2002-2014, Cisco Systems, Inc. All rights reserved.
The copyrights to certain works contained herein are owned by
other third parties and are used and distributed under license.
Some parts of this software are covered under the GNU Public
License. A copy of the license is available at
http://www.gnu.org/licenses/gpl.html.

Software
  BIOS:      version 1.7.0
  loader:    version N/A
  kickstart: version 6.0(2)U3(2)
  system:    version 6.0(2)U3(2)
  Power Sequencer Firmware: 
             Module 1: version v1.0
  SFP uC:    version 2.12
  BIOS compile time:       10/14/2013
  kickstart image file is: bootflash:///n3000-uk9-kickstart.6.0.2.U3.2.bin
  kickstart compile time:  6/12/2014 4:00:00 [06/12/2014 12:09:52]
  system image file is:    bootflash:///n3000-uk9.6.0.2.U3.2.bin
  system compile time:     6/12/2014 4:00:00 [06/12/2014 14:23:04]


Hardware
  cisco Nexus 3064 Chassis ("48x10GE + 4x40G Supervisor")
  Intel(R) Celeron(R) CPU        P450 with 3785024 kB of memory.
  Processor Board ID FOC15461B7Z

  Device name: ASECHI01
  bootflash:    2007040 kB

Kernel uptime is 17 day(s), 1 hour(s), 5 minute(s), 37 second(s)

Last reset at 779630 usecs after  Mon Nov 30 13:24:32 2015

  Reason: Reset Requested by CLI command reload
  System version: 6.0(2)U3(2)
  Service: 

plugin
  Core Plugin, Ethernet Plugin
ASECHI01# </msg>
<msg timestamp="20151217 06:30:40.639" level="INFO">Command response:
 show version
Cisco Nexus Operating System (NX-OS) Software
TAC support: http://www.cisco.com/tac
Documents: http://www.cisco.com/en/US/products/ps9372/tsd_products_support_series_home.html
Copyright (c) 2002-2014, Cisco Systems, Inc. All rights reserved.
The copyrights to certain works contained herein are owned by
other third parties and are used and distributed under license.
Some parts of this software are covered under the GNU Public
License. A copy of the license is available at
http://www.gnu.org/licenses/gpl.html.

Software
  BIOS:      version 1.7.0
  loader:    version N/A
  kickstart: version 6.0(2)U3(5)
  system:    version 6.0(2)U3(5)
  Power Sequencer Firmware: 
             Module 1: version v1.0
  SFP uC:    version 2.12
  BIOS compile time:       10/14/2013
  kickstart image file is: bootflash:///n3000-uk9-kickstart.6.0.2.U3.5.bin
  kickstart compile time:  10/29/2014 22:00:00 [10/30/2014 08:18:41]
  system image file is:    bootflash:///n3000-uk9.6.0.2.U3.5.bin
  system compile time:     10/29/2014 22:00:00 [10/30/2014 11:33:56]


Hardware
  cisco Nexus 3064 Chassis ("48x10GE + 4x40G Supervisor")
  Intel(R) Celeron(R) CPU        P450 with 3785024 kB of memory.
  Processor Board ID FOC16482Z6H

  Device name: ASECHI02
  bootflash:    2007040 kB

Kernel uptime is 0 day(s), 1 hour(s), 3 minute(s), 28 second(s)

Last reset at 5710 usecs after  Thu Dec 17 13:26:41 2015

  Reason: Reset Requested by CLI command reload
  System version: 6.0(2)U3(5)
  Service: 

plugin
  Core Plugin, Ethernet Plugin
ASECHI02# </msg>
<msg timestamp="20151217 06:30:40.647" level="INFO">Command response:
term length 0
ASECHI01# </msg>
<msg timestamp="20151217 06:30:40.653" level="INFO">Command response:
term length 0
ASECHI02# </msg>
<msg timestamp="20151217 06:30:40.653" level="INFO">Establising connection to the test devices
{'Device_2': ' show version\r\r\nCisco Nexus Operating System (NX-OS) Software\r\nTAC support: http://www.cisco.com/tac\r\nDocuments: http://www.cisco.com/en/US/products/ps9372/tsd_products_support_series_home.html\r\nCopyright (c) 2002-2014, Cisco Systems, Inc. All rights reserved.\r\nThe copyrights to certain works contained herein are owned by\r\nother third parties and are used and distributed under license.\r\nSome parts of this software are covered under the GNU Public\r\nLicense. A copy of the license is available at\r\nhttp://www.gnu.org/licenses/gpl.html.\r\n\r\nSoftware\r\n  BIOS:      version 1.7.0\r\n  loader:    version N/A\r\n  kickstart: version 6.0(2)U3(5)\r\n  system:    version 6.0(2)U3(5)\r\n  Power Sequencer Firmware: \r\n             Module 1: version v1.0\r\n  SFP uC:    version 2.12\r\n  BIOS compile time:       10/14/2013\r\n  kickstart image file is: bootflash:///n3000-uk9-kickstart.6.0.2.U3.5.bin\r\n  kickstart compile time:  10/29/2014 22:00:00 [10/30/2014 08:18:41]\r\n  system image file is:    bootflash:///n3000-uk9.6.0.2.U3.5.bin\r\n  system compile time:     10/29/2014 22:00:00 [10/30/2014 11:33:56]\r\n\r\n\r\nHardware\r\n  cisco Nexus 3064 Chassis ("48x10GE + 4x40G Supervisor")\r\n  Intel(R) Celeron(R) CPU        P450 with 3785024 kB of memory.\r\n  Processor Board ID FOC16482Z6H\r\n\r\n  Device name: ASECHI02\r\n  bootflash:    2007040 kB\r\n\r\nKernel uptime is 0 day(s), 1 hour(s), 3 minute(s), 28 second(s)\r\n\r\nLast reset at 5710 usecs after  Thu Dec 17 13:26:41 2015\r\n\r\n  Reason: Reset Requested by CLI command reload\r\n  System version: 6.0(2)U3(5)\r\n  Service: \r\n\r\nplugin\r\n  Core Plugin, Ethernet Plugin\r\n\rASECHI02# ', 'Device_1': ' show version\r\r\nCisco Nexus Operating System (NX-OS) Software\r\nTAC support: http://www.cisco.com/tac\r\nDocuments: http://www.cisco.com/en/US/products/ps9372/tsd_products_support_series_home.html\r\nCopyright (c) 2002-2014, Cisco Systems, Inc. All rights reserved.\r\nThe copyrights to certain works contained herein are owned by\r\nother third parties and are used and distributed under license.\r\nSome parts of this software are covered under the GNU Public\r\nLicense. A copy of the license is available at\r\nhttp://www.gnu.org/licenses/gpl.html.\r\n\r\nSoftware\r\n  BIOS:      version 1.7.0\r\n  loader:    version N/A\r\n  kickstart: version 6.0(2)U3(2)\r\n  system:    version 6.0(2)U3(2)\r\n  Power Sequencer Firmware: \r\n             Module 1: version v1.0\r\n  SFP uC:    version 2.12\r\n  BIOS compile time:       10/14/2013\r\n  kickstart image file is: bootflash:///n3000-uk9-kickstart.6.0.2.U3.2.bin\r\n  kickstart compile time:  6/12/2014 4:00:00 [06/12/2014 12:09:52]\r\n  system image file is:    bootflash:///n3000-uk9.6.0.2.U3.2.bin\r\n  system compile time:     6/12/2014 4:00:00 [06/12/2014 14:23:04]\r\n\r\n\r\nHardware\r\n  cisco Nexus 3064 Chassis ("48x10GE + 4x40G Supervisor")\r\n  Intel(R) Celeron(R) CPU        P450 with 3785024 kB of memory.\r\n  Processor Board ID FOC15461B7Z\r\n\r\n  Device name: ASECHI01\r\n  bootflash:    2007040 kB\r\n\r\nKernel uptime is 17 day(s), 1 hour(s), 5 minute(s), 37 second(s)\r\n\r\nLast reset at 779630 usecs after  Mon Nov 30 13:24:32 2015\r\n\r\n  Reason: Reset Requested by CLI command reload\r\n  System version: 6.0(2)U3(2)\r\n  Service: \r\n\r\nplugin\r\n  Core Plugin, Ethernet Plugin\r\n\rASECHI01# '}
{'Device_2': 'term length 0\r\r\n\rASECHI02# ', 'Device_1': 'term length 0\r\r\n\rASECHI01# '}</msg>
<status status="PASS" endtime="20151217 06:30:40.653" starttime="20151217 06:30:37.883"></status>
</kw>
<test id="s1-t1" name="Config_Bfd_Neighbors_Over_Svi">
<kw name="Log" library="BuiltIn">
<doc>Logs the given message with the given level.</doc>
<arguments>
<arg>Testcase Initialize section creates test case object and populates it with information from yaml file</arg>
</arguments>
<msg timestamp="20151217 06:30:40.655" level="INFO">Testcase Initialize section creates test case object and populates it with information from yaml file</msg>
<status status="PASS" endtime="20151217 06:30:40.655" starttime="20151217 06:30:40.655"></status>
</kw>
<kw name="Testcase1 Initialize" library="tip_n3k_bfd_testcases.Testcases">
<assign>
<var>${obj}</var>
</assign>
<msg timestamp="20151217 06:30:40.661" level="INFO">${obj} = &lt;tip_n3k_bfd_testcases.Tip_N3k_Bfd_Svi instance at 0x7fa42742c7a0&gt;</msg>
<status status="PASS" endtime="20151217 06:30:40.661" starttime="20151217 06:30:40.656"></status>
</kw>
<kw name="Log" library="BuiltIn">
<doc>Logs the given message with the given level.</doc>
<arguments>
<arg>Testcase Setup section uses test case object and executes prerequisite steps for executing Testcase Test section</arg>
</arguments>
<msg timestamp="20151217 06:30:40.662" level="INFO">Testcase Setup section uses test case object and executes prerequisite steps for executing Testcase Test section</msg>
<status status="PASS" endtime="20151217 06:30:40.662" starttime="20151217 06:30:40.661"></status>
</kw>
<kw name="Testcase Setup" library="tip_n3k_bfd_testcases.Testcases">
<arguments>
<arg>${obj}</arg>
</arguments>
<status status="PASS" endtime="20151217 06:30:40.663" starttime="20151217 06:30:40.662"></status>
</kw>
<kw name="Log" library="BuiltIn">
<doc>Logs the given message with the given level.</doc>
<arguments>
<arg>Test case Test section uses test case object and accomplishes ${Testcases.Testcase2.shbfd} execution, output parsing and verification.</arg>
</arguments>
<msg timestamp="20151217 06:30:40.664" level="INFO">Test case Test section uses test case object and accomplishes show bfd neighbors execution, output parsing and verification.</msg>
<status status="PASS" endtime="20151217 06:30:40.664" starttime="20151217 06:30:40.663"></status>
</kw>
<kw name="Testcase Test" library="tip_n3k_bfd_testcases.Testcases">
<arguments>
<arg>${obj}</arg>
</arguments>
<msg timestamp="20151217 06:30:40.664" html="yes" level="INFO">
&lt;b&gt;&lt;font face="verdana" color="blue"&gt;Step-1: Configuring &amp; verifying BFD over VLAN Routing Interface  between two Devices&lt;/b&gt;</msg>
<msg timestamp="20151217 06:30:40.665" level="INFO">
waiting for 60 seconds to  form BFD neighbors between the Devices</msg>
<msg timestamp="20151217 06:31:40.689" html="yes" level="INFO">
&lt;b&gt;&lt;font face="verdana" color="SaddleBrown"&gt;Verifying Configuration in show bfd neighbors command output on Device Device_1 &lt;/b&gt;</msg>
<msg timestamp="20151217 06:31:40.690" html="yes" level="INFO">
&lt;font face="verdana" color="DarkMagenta"&gt;Parsing and Verifying show bfd neighbors output</msg>
<msg timestamp="20151217 06:31:40.712" level="INFO">Command response:
show bfd neighbors

OurAddr         NeighAddr       LD/RD                 RH/RS           Holdown(mult)     State       Int                   Vrf                             
10.89.1.26      10.89.1.25      1090519041/1090519132 Up              5783(3)           Up          Eth1/32               default                         

ASECHI01# </msg>
<msg timestamp="20151217 06:31:40.716" html="yes" level="INFO">
&lt;font face="verdana" color="green"&gt;Command show bfd neighbors output  parsing successful </msg>
<msg timestamp="20151217 06:31:40.716" html="yes" level="INFO">
&lt;font face="verdana" color="DarkMagenta"&gt;Verifying show bfd neighbors output  for BFD neighborship status Up on interface vlan111 </msg>
<msg timestamp="20151217 06:31:40.717" html="yes" level="INFO">
&lt;b&gt;&lt;font face="verdana" color="red"&gt;FAIL: Command show bfd neighbors output verification failed: BFD neighborship is not 'UP' on interface vlan111 &lt;/b&gt;</msg>
<kw name="Fail" library="BuiltIn">
<doc>Fails the test with the given message and optionally alters its tags.</doc>
<arguments>
<arg>1 test steps failed</arg>
</arguments>
<msg timestamp="20151217 06:31:40.717" level="FAIL">1 test steps failed</msg>
<status status="FAIL" endtime="20151217 06:31:40.717" starttime="20151217 06:31:40.717"></status>
</kw>
<msg timestamp="20151217 06:31:40.718" level="INFO">DUT command output:
show bfd neighbors

OurAddr         NeighAddr       LD/RD                 RH/RS           Holdown(mult)     State       Int                   Vrf                             
10.89.1.26      10.89.1.25      1090519041/1090519132 Up              5783(3)           Up          Eth1/32               default                         

ASECHI01# 
FAIL: provided interface  vlan111 is not present in show bfd neighbors output</msg>
<status status="FAIL" endtime="20151217 06:31:40.718" starttime="20151217 06:30:40.664"></status>
</kw>
<kw name="Log" library="BuiltIn">
<doc>Logs the given message with the given level.</doc>
<arguments>
<arg>Test case Cleanup section uses test case object and executes cleanup steps.</arg>
</arguments>
<msg timestamp="20151217 06:31:40.718" level="INFO">Test case Cleanup section uses test case object and executes cleanup steps.</msg>
<status status="PASS" endtime="20151217 06:31:40.719" starttime="20151217 06:31:40.718"></status>
</kw>
<kw name="Testcase Cleanup" library="tip_n3k_bfd_testcases.Testcases">
<arguments>
<arg>${obj}</arg>
</arguments>
<status status="PASS" endtime="20151217 06:31:40.719" starttime="20151217 06:31:40.719"></status>
</kw>
<doc>This testcase verifies _show bfd neighbors_ output on *Cisco SBC* router.</doc>
<status status="FAIL" endtime="20151217 06:31:40.720" critical="yes" starttime="20151217 06:30:40.654">1 test steps failed</status>
</test>
<kw type="teardown" name="Suite Cleanup" library="tip_n3k_bfd_testsuite.TestSuite">
<msg timestamp="20151217 06:31:40.800" level="INFO">Releasing the connection established to the test devices</msg>
<status status="PASS" endtime="20151217 06:31:40.800" starttime="20151217 06:31:40.720"></status>
</kw>
<status status="FAIL" endtime="20151217 06:31:40.800" starttime="20151217 06:30:37.713"></status>
</suite>
<statistics>
<total>
<stat fail="1" pass="0">Critical Tests</stat>
<stat fail="1" pass="0">All Tests</stat>
</total>
<tag>
</tag>
<suite>
<stat fail="1" id="s1" name="Tip N3K Bfd Robotfile" pass="0">Tip N3K Bfd Robotfile</stat>
</suite>
</statistics>
<errors>
</errors>
</robot>
