<?xml version="1.0" encoding="UTF-8"?>
<robot generated="20151222 21:29:48.645" generator="Robot 2.9.1 (Python 2.7.9 on linux2)">
<suite source="/home/anilkmr/TIP_Execution/TIP_N3K_BFD/tip_n3k_bfd_robotfile.txt" id="s1" name="Tip N3K Bfd Robotfile">
<kw type="setup" name="Suite Setup" library="tip_n3k_bfd_testsuite.TestSuite">
<msg timestamp="20151222 21:29:51.512" level="INFO">${dutobj} = &lt;deviceLib.deviceLib instance at 0x7fd191e01830&gt;</msg>
<msg timestamp="20151222 21:29:51.952" level="INFO">Command response:
 show version
Cisco Nexus Operating System (NX-OS) Software
TAC support: http://www.cisco.com/tac
Documents: http://www.cisco.com/en/US/products/ps9372/tsd_products_support_series_home.html
Copyright (c) 2002-2014, Cisco Systems, Inc. All rights reserved.
The copyrights to certain works contained herein are owned by
other third parties and are used and distributed under license.
Some parts of this software are covered under the GNU Public
License. A copy of the license is available at
http://www.gnu.org/licenses/gpl.html.

Software
  BIOS:      version 1.7.0
  loader:    version N/A
  kickstart: version 6.0(2)U3(5)
  system:    version 6.0(2)U3(5)
  Power Sequencer Firmware: 
             Module 1: version v1.0
  SFP uC:    version 2.12
  BIOS compile time:       10/14/2013
  kickstart image file is: bootflash:///n3000-uk9-kickstart.6.0.2.U3.5.bin
  kickstart compile time:  10/29/2014 22:00:00 [10/30/2014 08:18:41]
  system image file is:    bootflash:///n3000-uk9.6.0.2.U3.5.bin
  system compile time:     10/29/2014 22:00:00 [10/30/2014 11:33:56]


Hardware
  cisco Nexus 3064 Chassis ("48x10GE + 4x40G Supervisor")
  Intel(R) Celeron(R) CPU        P450 with 3785024 kB of memory.
  Processor Board ID FOC15461B7Z

  Device name: ASECHI01
  bootflash:    2007040 kB

Kernel uptime is 0 day(s), 15 hour(s), 46 minute(s), 16 second(s)

Last reset at 77697 usecs after  Tue Dec 22 13:42:59 2015

  Reason: Reset Requested by CLI command reload
  System version: 6.0(2)U3(5)
  Service: 

plugin
  Core Plugin, Ethernet Plugin
ASECHI01# </msg>
<msg timestamp="20151222 21:29:52.377" level="INFO">Command response:
 show version
Cisco Nexus Operating System (NX-OS) Software
TAC support: http://www.cisco.com/tac
Documents: http://www.cisco.com/en/US/products/ps9372/tsd_products_support_series_home.html
Copyright (c) 2002-2014, Cisco Systems, Inc. All rights reserved.
The copyrights to certain works contained herein are owned by
other third parties and are used and distributed under license.
Some parts of this software are covered under the GNU Public
License. A copy of the license is available at
http://www.gnu.org/licenses/gpl.html.

Software
  BIOS:      version 1.7.0
  loader:    version N/A
  kickstart: version 6.0(2)U3(5)
  system:    version 6.0(2)U3(5)
  Power Sequencer Firmware: 
             Module 1: version v1.0
  SFP uC:    version 2.12
  BIOS compile time:       10/14/2013
  kickstart image file is: bootflash:///n3000-uk9-kickstart.6.0.2.U3.5.bin
  kickstart compile time:  10/29/2014 22:00:00 [10/30/2014 08:18:41]
  system image file is:    bootflash:///n3000-uk9.6.0.2.U3.5.bin
  system compile time:     10/29/2014 22:00:00 [10/30/2014 11:33:56]


Hardware
  cisco Nexus 3064 Chassis ("48x10GE + 4x40G Supervisor")
  Intel(R) Celeron(R) CPU        P450 with 3785024 kB of memory.
  Processor Board ID FOC16482Z6H

  Device name: ASECHI02
  bootflash:    2007040 kB

Kernel uptime is 0 day(s), 15 hour(s), 46 minute(s), 4 second(s)

Last reset at 437871 usecs after  Tue Dec 22 13:43:17 2015

  Reason: Reset Requested by CLI command reload
  System version: 6.0(2)U3(5)
  Service: 

plugin
  Core Plugin, Ethernet Plugin
ASECHI02# </msg>
<msg timestamp="20151222 21:29:52.390" level="INFO">Command response:
term length 0
ASECHI01# </msg>
<msg timestamp="20151222 21:29:52.396" level="INFO">Command response:
term length 0
ASECHI02# </msg>
<msg timestamp="20151222 21:29:52.396" level="INFO">Establising connection to the test devices
{'Device_2': ' show version\r\r\nCisco Nexus Operating System (NX-OS) Software\r\nTAC support: http://www.cisco.com/tac\r\nDocuments: http://www.cisco.com/en/US/products/ps9372/tsd_products_support_series_home.html\r\nCopyright (c) 2002-2014, Cisco Systems, Inc. All rights reserved.\r\nThe copyrights to certain works contained herein are owned by\r\nother third parties and are used and distributed under license.\r\nSome parts of this software are covered under the GNU Public\r\nLicense. A copy of the license is available at\r\nhttp://www.gnu.org/licenses/gpl.html.\r\n\r\nSoftware\r\n  BIOS:      version 1.7.0\r\n  loader:    version N/A\r\n  kickstart: version 6.0(2)U3(5)\r\n  system:    version 6.0(2)U3(5)\r\n  Power Sequencer Firmware: \r\n             Module 1: version v1.0\r\n  SFP uC:    version 2.12\r\n  BIOS compile time:       10/14/2013\r\n  kickstart image file is: bootflash:///n3000-uk9-kickstart.6.0.2.U3.5.bin\r\n  kickstart compile time:  10/29/2014 22:00:00 [10/30/2014 08:18:41]\r\n  system image file is:    bootflash:///n3000-uk9.6.0.2.U3.5.bin\r\n  system compile time:     10/29/2014 22:00:00 [10/30/2014 11:33:56]\r\n\r\n\r\nHardware\r\n  cisco Nexus 3064 Chassis ("48x10GE + 4x40G Supervisor")\r\n  Intel(R) Celeron(R) CPU        P450 with 3785024 kB of memory.\r\n  Processor Board ID FOC16482Z6H\r\n\r\n  Device name: ASECHI02\r\n  bootflash:    2007040 kB\r\n\r\nKernel uptime is 0 day(s), 15 hour(s), 46 minute(s), 4 second(s)\r\n\r\nLast reset at 437871 usecs after  Tue Dec 22 13:43:17 2015\r\n\r\n  Reason: Reset Requested by CLI command reload\r\n  System version: 6.0(2)U3(5)\r\n  Service: \r\n\r\nplugin\r\n  Core Plugin, Ethernet Plugin\r\n\rASECHI02# ', 'Device_1': ' show version\r\r\nCisco Nexus Operating System (NX-OS) Software\r\nTAC support: http://www.cisco.com/tac\r\nDocuments: http://www.cisco.com/en/US/products/ps9372/tsd_products_support_series_home.html\r\nCopyright (c) 2002-2014, Cisco Systems, Inc. All rights reserved.\r\nThe copyrights to certain works contained herein are owned by\r\nother third parties and are used and distributed under license.\r\nSome parts of this software are covered under the GNU Public\r\nLicense. A copy of the license is available at\r\nhttp://www.gnu.org/licenses/gpl.html.\r\n\r\nSoftware\r\n  BIOS:      version 1.7.0\r\n  loader:    version N/A\r\n  kickstart: version 6.0(2)U3(5)\r\n  system:    version 6.0(2)U3(5)\r\n  Power Sequencer Firmware: \r\n             Module 1: version v1.0\r\n  SFP uC:    version 2.12\r\n  BIOS compile time:       10/14/2013\r\n  kickstart image file is: bootflash:///n3000-uk9-kickstart.6.0.2.U3.5.bin\r\n  kickstart compile time:  10/29/2014 22:00:00 [10/30/2014 08:18:41]\r\n  system image file is:    bootflash:///n3000-uk9.6.0.2.U3.5.bin\r\n  system compile time:     10/29/2014 22:00:00 [10/30/2014 11:33:56]\r\n\r\n\r\nHardware\r\n  cisco Nexus 3064 Chassis ("48x10GE + 4x40G Supervisor")\r\n  Intel(R) Celeron(R) CPU        P450 with 3785024 kB of memory.\r\n  Processor Board ID FOC15461B7Z\r\n\r\n  Device name: ASECHI01\r\n  bootflash:    2007040 kB\r\n\r\nKernel uptime is 0 day(s), 15 hour(s), 46 minute(s), 16 second(s)\r\n\r\nLast reset at 77697 usecs after  Tue Dec 22 13:42:59 2015\r\n\r\n  Reason: Reset Requested by CLI command reload\r\n  System version: 6.0(2)U3(5)\r\n  Service: \r\n\r\nplugin\r\n  Core Plugin, Ethernet Plugin\r\n\rASECHI01# '}
{'Device_2': 'term length 0\r\r\n\rASECHI02# ', 'Device_1': 'term length 0\r\r\n\rASECHI01# '}</msg>
<status status="PASS" endtime="20151222 21:29:52.397" starttime="20151222 21:29:48.826"></status>
</kw>
<test id="s1-t1" name="Bfd_Physical_Interface_60_0">
<kw name="Log" library="BuiltIn">
<doc>Logs the given message with the given level.</doc>
<arguments>
<arg>Testcase Initialize section creates test case object and populates it with information from yaml file</arg>
</arguments>
<msg timestamp="20151222 21:29:52.398" level="INFO">Testcase Initialize section creates test case object and populates it with information from yaml file</msg>
<status status="PASS" endtime="20151222 21:29:52.398" starttime="20151222 21:29:52.398"></status>
</kw>
<kw name="Testcase3 Initialize" library="tip_n3k_bfd_testcases.Testcases">
<assign>
<var>${obj}</var>
</assign>
<msg timestamp="20151222 21:29:52.403" level="INFO">${obj} = &lt;tip_n3k_bfd_testcases.Bfd_Physical_Interface_60_0 instance at 0x7fd191eb7fc8&gt;</msg>
<status status="PASS" endtime="20151222 21:29:52.403" starttime="20151222 21:29:52.399"></status>
</kw>
<kw name="Log" library="BuiltIn">
<doc>Logs the given message with the given level.</doc>
<arguments>
<arg>Testcase Setup section uses test case object and executes prerequisite steps for executing Testcase Test section</arg>
</arguments>
<msg timestamp="20151222 21:29:52.403" level="INFO">Testcase Setup section uses test case object and executes prerequisite steps for executing Testcase Test section</msg>
<status status="PASS" endtime="20151222 21:29:52.403" starttime="20151222 21:29:52.403"></status>
</kw>
<kw name="Testcase Setup" library="tip_n3k_bfd_testcases.Testcases">
<arguments>
<arg>${obj}</arg>
</arguments>
<status status="PASS" endtime="20151222 21:29:52.404" starttime="20151222 21:29:52.404"></status>
</kw>
<kw name="Log" library="BuiltIn">
<doc>Logs the given message with the given level.</doc>
<arguments>
<arg>Test case Test section uses test case object and accomplishes ${Testcases.Testcase3.shbfd} execution, output parsing and verification.</arg>
</arguments>
<msg timestamp="20151222 21:29:52.405" level="INFO">Test case Test section uses test case object and accomplishes show bfd neighbors execution, output parsing and verification.</msg>
<status status="PASS" endtime="20151222 21:29:52.405" starttime="20151222 21:29:52.405"></status>
</kw>
<kw name="Testcase Test" library="tip_n3k_bfd_testcases.Testcases">
<arguments>
<arg>${obj}</arg>
</arguments>
<msg timestamp="20151222 21:29:52.406" html="yes" level="INFO">
&lt;b&gt;&lt;font face="verdana" color="blue"&gt;Section-60.1: Configuring &amp; verifying BFD over Physical Interface  between two Devices&lt;/b&gt;</msg>
<msg timestamp="20151222 21:29:52.406" html="yes" level="INFO">
&lt;b&gt;&lt;font face="verdana" color="SaddleBrown"&gt;Executing Configuration  commands on Device Device_1 &lt;/b&gt;</msg>
<msg timestamp="20151222 21:29:52.406" html="yes" level="INFO">
&lt;font face="verdana" color="DarkMagenta"&gt;Configuring ip address 192.168.218.21 on interface Eth1/1 </msg>
<msg timestamp="20151222 21:29:52.414" level="INFO">Command response:
config
Enter configuration commands, one per line.  End with CNTL/Z.
ASECHI01(config)# </msg>
<msg timestamp="20151222 21:29:52.416" level="INFO">Command response:
config
Enter configuration commands, one per line.  End with CNTL/Z.
ASECHI01(config)# !
ASECHI01(config)# </msg>
<msg timestamp="20151222 21:29:52.474" level="INFO">Command response:
config
Enter configuration commands, one per line.  End with CNTL/Z.
ASECHI01(config)# !
ASECHI01(config)# interface Eth1/1
ASECHI01(config-if)# </msg>
<msg timestamp="20151222 21:29:52.480" level="INFO">Command response:
config
Enter configuration commands, one per line.  End with CNTL/Z.
ASECHI01(config)# !
ASECHI01(config)# interface Eth1/1
ASECHI01(config-if)# !
ASECHI01(config-if)# </msg>
<msg timestamp="20151222 21:29:52.533" level="INFO">Command response:
config
Enter configuration commands, one per line.  End with CNTL/Z.
ASECHI01(config)# !
ASECHI01(config)# interface Eth1/1
ASECHI01(config-if)# !
ASECHI01(config-if)# no switchport
ASECHI01(config-if)# </msg>
<msg timestamp="20151222 21:29:52.539" level="INFO">Command response:
config
Enter configuration commands, one per line.  End with CNTL/Z.
ASECHI01(config)# !
ASECHI01(config)# interface Eth1/1
ASECHI01(config-if)# !
ASECHI01(config-if)# no switchport
ASECHI01(config-if)# !
ASECHI01(config-if)# </msg>
<msg timestamp="20151222 21:29:52.599" level="INFO">Command response:
config
Enter configuration commands, one per line.  End with CNTL/Z.
ASECHI01(config)# !
ASECHI01(config)# interface Eth1/1
ASECHI01(config-if)# !
ASECHI01(config-if)# no switchport
ASECHI01(config-if)# !
ASECHI01(config-if)# no shutdown
ASECHI01(config-if)# </msg>
<msg timestamp="20151222 21:29:52.602" level="INFO">Command response:
config
Enter configuration commands, one per line.  End with CNTL/Z.
ASECHI01(config)# !
ASECHI01(config)# interface Eth1/1
ASECHI01(config-if)# !
ASECHI01(config-if)# no switchport
ASECHI01(config-if)# !
ASECHI01(config-if)# no shutdown
ASECHI01(config-if)# !
ASECHI01(config-if)# </msg>
<msg timestamp="20151222 21:29:52.645" level="INFO">Command response:
config
Enter configuration commands, one per line.  End with CNTL/Z.
ASECHI01(config)# !
ASECHI01(config)# interface Eth1/1
ASECHI01(config-if)# !
ASECHI01(config-if)# no switchport
ASECHI01(config-if)# !
ASECHI01(config-if)# no shutdown
ASECHI01(config-if)# !
ASECHI01(config-if)# no ip address
ASECHI01(config-if)# </msg>
<msg timestamp="20151222 21:29:52.647" level="INFO">Command response:
config
Enter configuration commands, one per line.  End with CNTL/Z.
ASECHI01(config)# !
ASECHI01(config)# interface Eth1/1
ASECHI01(config-if)# !
ASECHI01(config-if)# no switchport
ASECHI01(config-if)# !
ASECHI01(config-if)# no shutdown
ASECHI01(config-if)# !
ASECHI01(config-if)# no ip address
ASECHI01(config-if)# !
ASECHI01(config-if)# </msg>
<msg timestamp="20151222 21:29:52.716" level="INFO">Command response:
config
Enter configuration commands, one per line.  End with CNTL/Z.
ASECHI01(config)# !
ASECHI01(config)# interface Eth1/1
ASECHI01(config-if)# !
ASECHI01(config-if)# no switchport
ASECHI01(config-if)# !
ASECHI01(config-if)# no shutdown
ASECHI01(config-if)# !
ASECHI01(config-if)# no ip address
ASECHI01(config-if)# !
ASECHI01(config-if)# ip address 192.168.218.21/24
ASECHI01(config-if)# </msg>
<msg timestamp="20151222 21:29:52.719" level="INFO">Command response:
config
Enter configuration commands, one per line.  End with CNTL/Z.
ASECHI01(config)# !
ASECHI01(config)# interface Eth1/1
ASECHI01(config-if)# !
ASECHI01(config-if)# no switchport
ASECHI01(config-if)# !
ASECHI01(config-if)# no shutdown
ASECHI01(config-if)# !
ASECHI01(config-if)# no ip address
ASECHI01(config-if)# !
ASECHI01(config-if)# ip address 192.168.218.21/24
ASECHI01(config-if)# !
ASECHI01(config-if)# </msg>
<msg timestamp="20151222 21:29:52.725" level="INFO">Command response:
config
Enter configuration commands, one per line.  End with CNTL/Z.
ASECHI01(config)# !
ASECHI01(config)# interface Eth1/1
ASECHI01(config-if)# !
ASECHI01(config-if)# no switchport
ASECHI01(config-if)# !
ASECHI01(config-if)# no shutdown
ASECHI01(config-if)# !
ASECHI01(config-if)# no ip address
ASECHI01(config-if)# !
ASECHI01(config-if)# ip address 192.168.218.21/24
ASECHI01(config-if)# !
ASECHI01(config-if)# end
ASECHI01# </msg>
<msg timestamp="20151222 21:29:52.727" level="INFO">Command response:
config
Enter configuration commands, one per line.  End with CNTL/Z.
ASECHI01(config)# !
ASECHI01(config)# interface Eth1/1
ASECHI01(config-if)# !
ASECHI01(config-if)# no switchport
ASECHI01(config-if)# !
ASECHI01(config-if)# no shutdown
ASECHI01(config-if)# !
ASECHI01(config-if)# no ip address
ASECHI01(config-if)# !
ASECHI01(config-if)# ip address 192.168.218.21/24
ASECHI01(config-if)# !
ASECHI01(config-if)# end
ASECHI01# !
ASECHI01# </msg>
<msg timestamp="20151222 21:29:52.727" html="yes" level="INFO">
&lt;font face="verdana" color="DarkMagenta"&gt;Configuring BGP as number 65138 </msg>
<msg timestamp="20151222 21:29:52.734" level="INFO">Command response:
config
Enter configuration commands, one per line.  End with CNTL/Z.
ASECHI01(config)# </msg>
<msg timestamp="20151222 21:29:52.736" level="INFO">Command response:
config
Enter configuration commands, one per line.  End with CNTL/Z.
ASECHI01(config)# !
ASECHI01(config)# </msg>
<msg timestamp="20151222 21:29:52.745" level="INFO">Command response:
config
Enter configuration commands, one per line.  End with CNTL/Z.
ASECHI01(config)# !
ASECHI01(config)# router bgp 65138
ASECHI01(config-router)# </msg>
<msg timestamp="20151222 21:29:52.749" level="INFO">Command response:
config
Enter configuration commands, one per line.  End with CNTL/Z.
ASECHI01(config)# !
ASECHI01(config)# router bgp 65138
ASECHI01(config-router)# !
ASECHI01(config-router)# </msg>
<msg timestamp="20151222 21:29:52.756" level="INFO">Command response:
config
Enter configuration commands, one per line.  End with CNTL/Z.
ASECHI01(config)# !
ASECHI01(config)# router bgp 65138
ASECHI01(config-router)# !
ASECHI01(config-router)# end
ASECHI01# </msg>
<msg timestamp="20151222 21:29:52.758" level="INFO">Command response:
config
Enter configuration commands, one per line.  End with CNTL/Z.
ASECHI01(config)# !
ASECHI01(config)# router bgp 65138
ASECHI01(config-router)# !
ASECHI01(config-router)# end
ASECHI01# !
ASECHI01# </msg>
<msg timestamp="20151222 21:29:52.758" html="yes" level="INFO">
&lt;font face="verdana" color="DarkMagenta"&gt;Configuring Logging TimeStamp to Milli Seconds</msg>
<msg timestamp="20151222 21:29:52.760" level="INFO">Command response:

ASECHI01# </msg>
<msg timestamp="20151222 21:29:52.765" level="INFO">Command response:

ASECHI01# config
Enter configuration commands, one per line.  End with CNTL/Z.
ASECHI01(config)# </msg>
<msg timestamp="20151222 21:29:52.768" level="INFO">Command response:

ASECHI01# config
Enter configuration commands, one per line.  End with CNTL/Z.
ASECHI01(config)# !
ASECHI01(config)# </msg>
<msg timestamp="20151222 21:29:52.790" level="INFO">Command response:

ASECHI01# config
Enter configuration commands, one per line.  End with CNTL/Z.
ASECHI01(config)# !
ASECHI01(config)# logging timestamp milliseconds
ASECHI01(config)# </msg>
<msg timestamp="20151222 21:29:52.798" level="INFO">Command response:

ASECHI01# config
Enter configuration commands, one per line.  End with CNTL/Z.
ASECHI01(config)# !
ASECHI01(config)# logging timestamp milliseconds
ASECHI01(config)# !
ASECHI01(config)# </msg>
<msg timestamp="20151222 21:29:52.815" level="INFO">Command response:

ASECHI01# config
Enter configuration commands, one per line.  End with CNTL/Z.
ASECHI01(config)# !
ASECHI01(config)# logging timestamp milliseconds
ASECHI01(config)# !
ASECHI01(config)# end
ASECHI01# </msg>
<msg timestamp="20151222 21:29:52.817" level="INFO">Command response:

ASECHI01# config
Enter configuration commands, one per line.  End with CNTL/Z.
ASECHI01(config)# !
ASECHI01(config)# logging timestamp milliseconds
ASECHI01(config)# !
ASECHI01(config)# end
ASECHI01# !
ASECHI01# </msg>
<msg timestamp="20151222 21:29:52.817" html="yes" level="INFO">
&lt;b&gt;&lt;font face="verdana" color="SaddleBrown"&gt;Executing Configuration  commands on Device Device_2 &lt;/b&gt;</msg>
<msg timestamp="20151222 21:29:52.817" html="yes" level="INFO">
&lt;font face="verdana" color="DarkMagenta"&gt;Configuring ip address 192.168.218.22 on interface Eth1/1 </msg>
<msg timestamp="20151222 21:29:52.823" level="INFO">Command response:
config
Enter configuration commands, one per line.  End with CNTL/Z.
ASECHI02(config)# </msg>
<msg timestamp="20151222 21:29:52.826" level="INFO">Command response:
config
Enter configuration commands, one per line.  End with CNTL/Z.
ASECHI02(config)# !
ASECHI02(config)# </msg>
<msg timestamp="20151222 21:29:52.862" level="INFO">Command response:
config
Enter configuration commands, one per line.  End with CNTL/Z.
ASECHI02(config)# !
ASECHI02(config)# interface Eth1/1
ASECHI02(config-if)# </msg>
<msg timestamp="20151222 21:29:52.866" level="INFO">Command response:
config
Enter configuration commands, one per line.  End with CNTL/Z.
ASECHI02(config)# !
ASECHI02(config)# interface Eth1/1
ASECHI02(config-if)# !
ASECHI02(config-if)# </msg>
<msg timestamp="20151222 21:29:52.914" level="INFO">Command response:
config
Enter configuration commands, one per line.  End with CNTL/Z.
ASECHI02(config)# !
ASECHI02(config)# interface Eth1/1
ASECHI02(config-if)# !
ASECHI02(config-if)# no switchport
ASECHI02(config-if)# </msg>
<msg timestamp="20151222 21:29:52.918" level="INFO">Command response:
config
Enter configuration commands, one per line.  End with CNTL/Z.
ASECHI02(config)# !
ASECHI02(config)# interface Eth1/1
ASECHI02(config-if)# !
ASECHI02(config-if)# no switchport
ASECHI02(config-if)# !
ASECHI02(config-if)# </msg>
<msg timestamp="20151222 21:29:52.962" level="INFO">Command response:
config
Enter configuration commands, one per line.  End with CNTL/Z.
ASECHI02(config)# !
ASECHI02(config)# interface Eth1/1
ASECHI02(config-if)# !
ASECHI02(config-if)# no switchport
ASECHI02(config-if)# !
ASECHI02(config-if)# no shutdown
ASECHI02(config-if)# </msg>
<msg timestamp="20151222 21:29:52.965" level="INFO">Command response:
config
Enter configuration commands, one per line.  End with CNTL/Z.
ASECHI02(config)# !
ASECHI02(config)# interface Eth1/1
ASECHI02(config-if)# !
ASECHI02(config-if)# no switchport
ASECHI02(config-if)# !
ASECHI02(config-if)# no shutdown
ASECHI02(config-if)# !
ASECHI02(config-if)# </msg>
<msg timestamp="20151222 21:29:53.027" level="INFO">Command response:
config
Enter configuration commands, one per line.  End with CNTL/Z.
ASECHI02(config)# !
ASECHI02(config)# interface Eth1/1
ASECHI02(config-if)# !
ASECHI02(config-if)# no switchport
ASECHI02(config-if)# !
ASECHI02(config-if)# no shutdown
ASECHI02(config-if)# !
ASECHI02(config-if)# no ip address
ASECHI02(config-if)# </msg>
<msg timestamp="20151222 21:29:53.033" level="INFO">Command response:
config
Enter configuration commands, one per line.  End with CNTL/Z.
ASECHI02(config)# !
ASECHI02(config)# interface Eth1/1
ASECHI02(config-if)# !
ASECHI02(config-if)# no switchport
ASECHI02(config-if)# !
ASECHI02(config-if)# no shutdown
ASECHI02(config-if)# !
ASECHI02(config-if)# no ip address
ASECHI02(config-if)# !
ASECHI02(config-if)# </msg>
<msg timestamp="20151222 21:29:53.107" level="INFO">Command response:
config
Enter configuration commands, one per line.  End with CNTL/Z.
ASECHI02(config)# !
ASECHI02(config)# interface Eth1/1
ASECHI02(config-if)# !
ASECHI02(config-if)# no switchport
ASECHI02(config-if)# !
ASECHI02(config-if)# no shutdown
ASECHI02(config-if)# !
ASECHI02(config-if)# no ip address
ASECHI02(config-if)# !
ASECHI02(config-if)# ip address 192.168.218.22/24
ASECHI02(config-if)# </msg>
<msg timestamp="20151222 21:29:53.110" level="INFO">Command response:
config
Enter configuration commands, one per line.  End with CNTL/Z.
ASECHI02(config)# !
ASECHI02(config)# interface Eth1/1
ASECHI02(config-if)# !
ASECHI02(config-if)# no switchport
ASECHI02(config-if)# !
ASECHI02(config-if)# no shutdown
ASECHI02(config-if)# !
ASECHI02(config-if)# no ip address
ASECHI02(config-if)# !
ASECHI02(config-if)# ip address 192.168.218.22/24
ASECHI02(config-if)# !
ASECHI02(config-if)# </msg>
<msg timestamp="20151222 21:29:53.117" level="INFO">Command response:
config
Enter configuration commands, one per line.  End with CNTL/Z.
ASECHI02(config)# !
ASECHI02(config)# interface Eth1/1
ASECHI02(config-if)# !
ASECHI02(config-if)# no switchport
ASECHI02(config-if)# !
ASECHI02(config-if)# no shutdown
ASECHI02(config-if)# !
ASECHI02(config-if)# no ip address
ASECHI02(config-if)# !
ASECHI02(config-if)# ip address 192.168.218.22/24
ASECHI02(config-if)# !
ASECHI02(config-if)# end
ASECHI02# </msg>
<msg timestamp="20151222 21:29:53.123" level="INFO">Command response:
config
Enter configuration commands, one per line.  End with CNTL/Z.
ASECHI02(config)# !
ASECHI02(config)# interface Eth1/1
ASECHI02(config-if)# !
ASECHI02(config-if)# no switchport
ASECHI02(config-if)# !
ASECHI02(config-if)# no shutdown
ASECHI02(config-if)# !
ASECHI02(config-if)# no ip address
ASECHI02(config-if)# !
ASECHI02(config-if)# ip address 192.168.218.22/24
ASECHI02(config-if)# !
ASECHI02(config-if)# end
ASECHI02# !
ASECHI02# </msg>
<msg timestamp="20151222 21:29:53.123" html="yes" level="INFO">
&lt;font face="verdana" color="DarkMagenta"&gt;Configuring BGP as number 65138 </msg>
<msg timestamp="20151222 21:29:53.137" level="INFO">Command response:
config
Enter configuration commands, one per line.  End with CNTL/Z.
ASECHI02(config)# </msg>
<msg timestamp="20151222 21:29:53.142" level="INFO">Command response:
config
Enter configuration commands, one per line.  End with CNTL/Z.
ASECHI02(config)# !
ASECHI02(config)# </msg>
<msg timestamp="20151222 21:29:53.166" level="INFO">Command response:
config
Enter configuration commands, one per line.  End with CNTL/Z.
ASECHI02(config)# !
ASECHI02(config)# router bgp 65138
ASECHI02(config-router)# </msg>
<msg timestamp="20151222 21:29:53.168" level="INFO">Command response:
config
Enter configuration commands, one per line.  End with CNTL/Z.
ASECHI02(config)# !
ASECHI02(config)# router bgp 65138
ASECHI02(config-router)# !
ASECHI02(config-router)# </msg>
<msg timestamp="20151222 21:29:53.174" level="INFO">Command response:
config
Enter configuration commands, one per line.  End with CNTL/Z.
ASECHI02(config)# !
ASECHI02(config)# router bgp 65138
ASECHI02(config-router)# !
ASECHI02(config-router)# end
ASECHI02# </msg>
<msg timestamp="20151222 21:29:53.179" level="INFO">Command response:
config
Enter configuration commands, one per line.  End with CNTL/Z.
ASECHI02(config)# !
ASECHI02(config)# router bgp 65138
ASECHI02(config-router)# !
ASECHI02(config-router)# end
ASECHI02# !
ASECHI02# </msg>
<msg timestamp="20151222 21:29:53.179" html="yes" level="INFO">
&lt;font face="verdana" color="DarkMagenta"&gt;Configuring Logging TimeStamp to Milli Seconds</msg>
<msg timestamp="20151222 21:29:53.181" level="INFO">Command response:

ASECHI02# </msg>
<msg timestamp="20151222 21:29:53.189" level="INFO">Command response:

ASECHI02# config
Enter configuration commands, one per line.  End with CNTL/Z.
ASECHI02(config)# </msg>
<msg timestamp="20151222 21:29:53.193" level="INFO">Command response:

ASECHI02# config
Enter configuration commands, one per line.  End with CNTL/Z.
ASECHI02(config)# !
ASECHI02(config)# </msg>
<msg timestamp="20151222 21:29:53.209" level="INFO">Command response:

ASECHI02# config
Enter configuration commands, one per line.  End with CNTL/Z.
ASECHI02(config)# !
ASECHI02(config)# logging timestamp milliseconds
ASECHI02(config)# </msg>
<msg timestamp="20151222 21:29:53.213" level="INFO">Command response:

ASECHI02# config
Enter configuration commands, one per line.  End with CNTL/Z.
ASECHI02(config)# !
ASECHI02(config)# logging timestamp milliseconds
ASECHI02(config)# !
ASECHI02(config)# </msg>
<msg timestamp="20151222 21:29:53.222" level="INFO">Command response:

ASECHI02# config
Enter configuration commands, one per line.  End with CNTL/Z.
ASECHI02(config)# !
ASECHI02(config)# logging timestamp milliseconds
ASECHI02(config)# !
ASECHI02(config)# end
ASECHI02# </msg>
<msg timestamp="20151222 21:29:53.224" level="INFO">Command response:

ASECHI02# config
Enter configuration commands, one per line.  End with CNTL/Z.
ASECHI02(config)# !
ASECHI02(config)# logging timestamp milliseconds
ASECHI02(config)# !
ASECHI02(config)# end
ASECHI02# !
ASECHI02# </msg>
<msg timestamp="20151222 21:29:53.224" html="yes" level="INFO">
&lt;font face="verdana" color="DarkMagenta"&gt;Configuring BGP neighbor 192.168.218.22 on Device Device_1 </msg>
<msg timestamp="20151222 21:29:53.232" level="INFO">Command response:
config
Enter configuration commands, one per line.  End with CNTL/Z.
ASECHI01(config)# </msg>
<msg timestamp="20151222 21:29:53.247" level="INFO">Command response:
config
Enter configuration commands, one per line.  End with CNTL/Z.
ASECHI01(config)# !
ASECHI01(config)# </msg>
<msg timestamp="20151222 21:29:53.258" level="INFO">Command response:
config
Enter configuration commands, one per line.  End with CNTL/Z.
ASECHI01(config)# !
ASECHI01(config)# router bgp 65138
ASECHI01(config-router)# </msg>
<msg timestamp="20151222 21:29:53.274" level="INFO">Command response:
config
Enter configuration commands, one per line.  End with CNTL/Z.
ASECHI01(config)# !
ASECHI01(config)# router bgp 65138
ASECHI01(config-router)# !
ASECHI01(config-router)# </msg>
<msg timestamp="20151222 21:29:53.295" level="INFO">Command response:
config
Enter configuration commands, one per line.  End with CNTL/Z.
ASECHI01(config)# !
ASECHI01(config)# router bgp 65138
ASECHI01(config-router)# !
ASECHI01(config-router)# neighbor 192.168.218.22 remote-as 65138
ASECHI01(config-router-neighbor)# </msg>
<msg timestamp="20151222 21:29:53.298" level="INFO">Command response:
config
Enter configuration commands, one per line.  End with CNTL/Z.
ASECHI01(config)# !
ASECHI01(config)# router bgp 65138
ASECHI01(config-router)# !
ASECHI01(config-router)# neighbor 192.168.218.22 remote-as 65138
ASECHI01(config-router-neighbor)# !
ASECHI01(config-router-neighbor)# </msg>
<msg timestamp="20151222 21:29:53.347" level="INFO">Command response:
config
Enter configuration commands, one per line.  End with CNTL/Z.
ASECHI01(config)# !
ASECHI01(config)# router bgp 65138
ASECHI01(config-router)# !
ASECHI01(config-router)# neighbor 192.168.218.22 remote-as 65138
ASECHI01(config-router-neighbor)# !
ASECHI01(config-router-neighbor)# bfd
ASECHI01(config-router-neighbor)# </msg>
<msg timestamp="20151222 21:29:53.350" level="INFO">Command response:
config
Enter configuration commands, one per line.  End with CNTL/Z.
ASECHI01(config)# !
ASECHI01(config)# router bgp 65138
ASECHI01(config-router)# !
ASECHI01(config-router)# neighbor 192.168.218.22 remote-as 65138
ASECHI01(config-router-neighbor)# !
ASECHI01(config-router-neighbor)# bfd
ASECHI01(config-router-neighbor)# !
ASECHI01(config-router-neighbor)# </msg>
<msg timestamp="20151222 21:29:53.365" level="INFO">Command response:
config
Enter configuration commands, one per line.  End with CNTL/Z.
ASECHI01(config)# !
ASECHI01(config)# router bgp 65138
ASECHI01(config-router)# !
ASECHI01(config-router)# neighbor 192.168.218.22 remote-as 65138
ASECHI01(config-router-neighbor)# !
ASECHI01(config-router-neighbor)# bfd
ASECHI01(config-router-neighbor)# !
ASECHI01(config-router-neighbor)# description PartnerDUT
ASECHI01(config-router-neighbor)# </msg>
<msg timestamp="20151222 21:29:53.383" level="INFO">Command response:
config
Enter configuration commands, one per line.  End with CNTL/Z.
ASECHI01(config)# !
ASECHI01(config)# router bgp 65138
ASECHI01(config-router)# !
ASECHI01(config-router)# neighbor 192.168.218.22 remote-as 65138
ASECHI01(config-router-neighbor)# !
ASECHI01(config-router-neighbor)# bfd
ASECHI01(config-router-neighbor)# !
ASECHI01(config-router-neighbor)# description PartnerDUT
ASECHI01(config-router-neighbor)# !
ASECHI01(config-router-neighbor)# </msg>
<msg timestamp="20151222 21:29:53.409" level="INFO">Command response:
config
Enter configuration commands, one per line.  End with CNTL/Z.
ASECHI01(config)# !
ASECHI01(config)# router bgp 65138
ASECHI01(config-router)# !
ASECHI01(config-router)# neighbor 192.168.218.22 remote-as 65138
ASECHI01(config-router-neighbor)# !
ASECHI01(config-router-neighbor)# bfd
ASECHI01(config-router-neighbor)# !
ASECHI01(config-router-neighbor)# description PartnerDUT
ASECHI01(config-router-neighbor)# !
ASECHI01(config-router-neighbor)# update-source Eth1/1
ASECHI01(config-router-neighbor)# </msg>
<msg timestamp="20151222 21:29:53.420" level="INFO">Command response:
config
Enter configuration commands, one per line.  End with CNTL/Z.
ASECHI01(config)# !
ASECHI01(config)# router bgp 65138
ASECHI01(config-router)# !
ASECHI01(config-router)# neighbor 192.168.218.22 remote-as 65138
ASECHI01(config-router-neighbor)# !
ASECHI01(config-router-neighbor)# bfd
ASECHI01(config-router-neighbor)# !
ASECHI01(config-router-neighbor)# description PartnerDUT
ASECHI01(config-router-neighbor)# !
ASECHI01(config-router-neighbor)# update-source Eth1/1
ASECHI01(config-router-neighbor)# !
ASECHI01(config-router-neighbor)# </msg>
<msg timestamp="20151222 21:29:53.434" level="INFO">Command response:
config
Enter configuration commands, one per line.  End with CNTL/Z.
ASECHI01(config)# !
ASECHI01(config)# router bgp 65138
ASECHI01(config-router)# !
ASECHI01(config-router)# neighbor 192.168.218.22 remote-as 65138
ASECHI01(config-router-neighbor)# !
ASECHI01(config-router-neighbor)# bfd
ASECHI01(config-router-neighbor)# !
ASECHI01(config-router-neighbor)# description PartnerDUT
ASECHI01(config-router-neighbor)# !
ASECHI01(config-router-neighbor)# update-source Eth1/1
ASECHI01(config-router-neighbor)# !
ASECHI01(config-router-neighbor)# address-family ipv4 unicast
ASECHI01(config-router-neighbor-af)# </msg>
<msg timestamp="20151222 21:29:53.436" level="INFO">Command response:
config
Enter configuration commands, one per line.  End with CNTL/Z.
ASECHI01(config)# !
ASECHI01(config)# router bgp 65138
ASECHI01(config-router)# !
ASECHI01(config-router)# neighbor 192.168.218.22 remote-as 65138
ASECHI01(config-router-neighbor)# !
ASECHI01(config-router-neighbor)# bfd
ASECHI01(config-router-neighbor)# !
ASECHI01(config-router-neighbor)# description PartnerDUT
ASECHI01(config-router-neighbor)# !
ASECHI01(config-router-neighbor)# update-source Eth1/1
ASECHI01(config-router-neighbor)# !
ASECHI01(config-router-neighbor)# address-family ipv4 unicast
ASECHI01(config-router-neighbor-af)# !
ASECHI01(config-router-neighbor-af)# </msg>
<msg timestamp="20151222 21:29:53.447" level="INFO">Command response:
config
Enter configuration commands, one per line.  End with CNTL/Z.
ASECHI01(config)# !
ASECHI01(config)# router bgp 65138
ASECHI01(config-router)# !
ASECHI01(config-router)# neighbor 192.168.218.22 remote-as 65138
ASECHI01(config-router-neighbor)# !
ASECHI01(config-router-neighbor)# bfd
ASECHI01(config-router-neighbor)# !
ASECHI01(config-router-neighbor)# description PartnerDUT
ASECHI01(config-router-neighbor)# !
ASECHI01(config-router-neighbor)# update-source Eth1/1
ASECHI01(config-router-neighbor)# !
ASECHI01(config-router-neighbor)# address-family ipv4 unicast
ASECHI01(config-router-neighbor-af)# !
ASECHI01(config-router-neighbor-af)# soft-reconfiguration inbound
ASECHI01(config-router-neighbor-af)# </msg>
<msg timestamp="20151222 21:29:53.452" level="INFO">Command response:
config
Enter configuration commands, one per line.  End with CNTL/Z.
ASECHI01(config)# !
ASECHI01(config)# router bgp 65138
ASECHI01(config-router)# !
ASECHI01(config-router)# neighbor 192.168.218.22 remote-as 65138
ASECHI01(config-router-neighbor)# !
ASECHI01(config-router-neighbor)# bfd
ASECHI01(config-router-neighbor)# !
ASECHI01(config-router-neighbor)# description PartnerDUT
ASECHI01(config-router-neighbor)# !
ASECHI01(config-router-neighbor)# update-source Eth1/1
ASECHI01(config-router-neighbor)# !
ASECHI01(config-router-neighbor)# address-family ipv4 unicast
ASECHI01(config-router-neighbor-af)# !
ASECHI01(config-router-neighbor-af)# soft-reconfiguration inbound
ASECHI01(config-router-neighbor-af)# !
ASECHI01(config-router-neighbor-af)# </msg>
<msg timestamp="20151222 21:29:53.457" level="INFO">Command response:
config
Enter configuration commands, one per line.  End with CNTL/Z.
ASECHI01(config)# !
ASECHI01(config)# router bgp 65138
ASECHI01(config-router)# !
ASECHI01(config-router)# neighbor 192.168.218.22 remote-as 65138
ASECHI01(config-router-neighbor)# !
ASECHI01(config-router-neighbor)# bfd
ASECHI01(config-router-neighbor)# !
ASECHI01(config-router-neighbor)# description PartnerDUT
ASECHI01(config-router-neighbor)# !
ASECHI01(config-router-neighbor)# update-source Eth1/1
ASECHI01(config-router-neighbor)# !
ASECHI01(config-router-neighbor)# address-family ipv4 unicast
ASECHI01(config-router-neighbor-af)# !
ASECHI01(config-router-neighbor-af)# soft-reconfiguration inbound
ASECHI01(config-router-neighbor-af)# !
ASECHI01(config-router-neighbor-af)# end
ASECHI01# </msg>
<msg timestamp="20151222 21:29:53.459" level="INFO">Command response:
config
Enter configuration commands, one per line.  End with CNTL/Z.
ASECHI01(config)# !
ASECHI01(config)# router bgp 65138
ASECHI01(config-router)# !
ASECHI01(config-router)# neighbor 192.168.218.22 remote-as 65138
ASECHI01(config-router-neighbor)# !
ASECHI01(config-router-neighbor)# bfd
ASECHI01(config-router-neighbor)# !
ASECHI01(config-router-neighbor)# description PartnerDUT
ASECHI01(config-router-neighbor)# !
ASECHI01(config-router-neighbor)# update-source Eth1/1
ASECHI01(config-router-neighbor)# !
ASECHI01(config-router-neighbor)# address-family ipv4 unicast
ASECHI01(config-router-neighbor-af)# !
ASECHI01(config-router-neighbor-af)# soft-reconfiguration inbound
ASECHI01(config-router-neighbor-af)# !
ASECHI01(config-router-neighbor-af)# end
ASECHI01# !
ASECHI01# </msg>
<msg timestamp="20151222 21:29:53.459" html="yes" level="INFO">
&lt;font face="verdana" color="DarkMagenta"&gt;Configuring BGP neighbor 192.168.218.21 on Device Device_2 </msg>
<msg timestamp="20151222 21:29:53.465" level="INFO">Command response:
config
Enter configuration commands, one per line.  End with CNTL/Z.
ASECHI02(config)# </msg>
<msg timestamp="20151222 21:29:53.467" level="INFO">Command response:
config
Enter configuration commands, one per line.  End with CNTL/Z.
ASECHI02(config)# !
ASECHI02(config)# </msg>
<msg timestamp="20151222 21:29:53.481" level="INFO">Command response:
config
Enter configuration commands, one per line.  End with CNTL/Z.
ASECHI02(config)# !
ASECHI02(config)# router bgp 65138
ASECHI02(config-router)# </msg>
<msg timestamp="20151222 21:29:53.485" level="INFO">Command response:
config
Enter configuration commands, one per line.  End with CNTL/Z.
ASECHI02(config)# !
ASECHI02(config)# router bgp 65138
ASECHI02(config-router)# !
ASECHI02(config-router)# </msg>
<msg timestamp="20151222 21:29:53.502" level="INFO">Command response:
config
Enter configuration commands, one per line.  End with CNTL/Z.
ASECHI02(config)# !
ASECHI02(config)# router bgp 65138
ASECHI02(config-router)# !
ASECHI02(config-router)# neighbor 192.168.218.21 remote-as 65138
ASECHI02(config-router-neighbor)# </msg>
<msg timestamp="20151222 21:29:53.506" level="INFO">Command response:
config
Enter configuration commands, one per line.  End with CNTL/Z.
ASECHI02(config)# !
ASECHI02(config)# router bgp 65138
ASECHI02(config-router)# !
ASECHI02(config-router)# neighbor 192.168.218.21 remote-as 65138
ASECHI02(config-router-neighbor)# !
ASECHI02(config-router-neighbor)# </msg>
<msg timestamp="20151222 21:29:53.521" level="INFO">Command response:
config
Enter configuration commands, one per line.  End with CNTL/Z.
ASECHI02(config)# !
ASECHI02(config)# router bgp 65138
ASECHI02(config-router)# !
ASECHI02(config-router)# neighbor 192.168.218.21 remote-as 65138
ASECHI02(config-router-neighbor)# !
ASECHI02(config-router-neighbor)# bfd
ASECHI02(config-router-neighbor)# </msg>
<msg timestamp="20151222 21:29:53.524" level="INFO">Command response:
config
Enter configuration commands, one per line.  End with CNTL/Z.
ASECHI02(config)# !
ASECHI02(config)# router bgp 65138
ASECHI02(config-router)# !
ASECHI02(config-router)# neighbor 192.168.218.21 remote-as 65138
ASECHI02(config-router-neighbor)# !
ASECHI02(config-router-neighbor)# bfd
ASECHI02(config-router-neighbor)# !
ASECHI02(config-router-neighbor)# </msg>
<msg timestamp="20151222 21:29:53.539" level="INFO">Command response:
config
Enter configuration commands, one per line.  End with CNTL/Z.
ASECHI02(config)# !
ASECHI02(config)# router bgp 65138
ASECHI02(config-router)# !
ASECHI02(config-router)# neighbor 192.168.218.21 remote-as 65138
ASECHI02(config-router-neighbor)# !
ASECHI02(config-router-neighbor)# bfd
ASECHI02(config-router-neighbor)# !
ASECHI02(config-router-neighbor)# description MainDUT
ASECHI02(config-router-neighbor)# </msg>
<msg timestamp="20151222 21:29:53.542" level="INFO">Command response:
config
Enter configuration commands, one per line.  End with CNTL/Z.
ASECHI02(config)# !
ASECHI02(config)# router bgp 65138
ASECHI02(config-router)# !
ASECHI02(config-router)# neighbor 192.168.218.21 remote-as 65138
ASECHI02(config-router-neighbor)# !
ASECHI02(config-router-neighbor)# bfd
ASECHI02(config-router-neighbor)# !
ASECHI02(config-router-neighbor)# description MainDUT
ASECHI02(config-router-neighbor)# !
ASECHI02(config-router-neighbor)# </msg>
<msg timestamp="20151222 21:29:53.556" level="INFO">Command response:
config
Enter configuration commands, one per line.  End with CNTL/Z.
ASECHI02(config)# !
ASECHI02(config)# router bgp 65138
ASECHI02(config-router)# !
ASECHI02(config-router)# neighbor 192.168.218.21 remote-as 65138
ASECHI02(config-router-neighbor)# !
ASECHI02(config-router-neighbor)# bfd
ASECHI02(config-router-neighbor)# !
ASECHI02(config-router-neighbor)# description MainDUT
ASECHI02(config-router-neighbor)# !
ASECHI02(config-router-neighbor)# update-source Eth1/1
ASECHI02(config-router-neighbor)# </msg>
<msg timestamp="20151222 21:29:53.559" level="INFO">Command response:
config
Enter configuration commands, one per line.  End with CNTL/Z.
ASECHI02(config)# !
ASECHI02(config)# router bgp 65138
ASECHI02(config-router)# !
ASECHI02(config-router)# neighbor 192.168.218.21 remote-as 65138
ASECHI02(config-router-neighbor)# !
ASECHI02(config-router-neighbor)# bfd
ASECHI02(config-router-neighbor)# !
ASECHI02(config-router-neighbor)# description MainDUT
ASECHI02(config-router-neighbor)# !
ASECHI02(config-router-neighbor)# update-source Eth1/1
ASECHI02(config-router-neighbor)# !
ASECHI02(config-router-neighbor)# </msg>
<msg timestamp="20151222 21:29:53.577" level="INFO">Command response:
config
Enter configuration commands, one per line.  End with CNTL/Z.
ASECHI02(config)# !
ASECHI02(config)# router bgp 65138
ASECHI02(config-router)# !
ASECHI02(config-router)# neighbor 192.168.218.21 remote-as 65138
ASECHI02(config-router-neighbor)# !
ASECHI02(config-router-neighbor)# bfd
ASECHI02(config-router-neighbor)# !
ASECHI02(config-router-neighbor)# description MainDUT
ASECHI02(config-router-neighbor)# !
ASECHI02(config-router-neighbor)# update-source Eth1/1
ASECHI02(config-router-neighbor)# !
ASECHI02(config-router-neighbor)# address-family ipv4 unicast
ASECHI02(config-router-neighbor-af)# </msg>
<msg timestamp="20151222 21:29:53.580" level="INFO">Command response:
config
Enter configuration commands, one per line.  End with CNTL/Z.
ASECHI02(config)# !
ASECHI02(config)# router bgp 65138
ASECHI02(config-router)# !
ASECHI02(config-router)# neighbor 192.168.218.21 remote-as 65138
ASECHI02(config-router-neighbor)# !
ASECHI02(config-router-neighbor)# bfd
ASECHI02(config-router-neighbor)# !
ASECHI02(config-router-neighbor)# description MainDUT
ASECHI02(config-router-neighbor)# !
ASECHI02(config-router-neighbor)# update-source Eth1/1
ASECHI02(config-router-neighbor)# !
ASECHI02(config-router-neighbor)# address-family ipv4 unicast
ASECHI02(config-router-neighbor-af)# !
ASECHI02(config-router-neighbor-af)# </msg>
<msg timestamp="20151222 21:29:53.596" level="INFO">Command response:
config
Enter configuration commands, one per line.  End with CNTL/Z.
ASECHI02(config)# !
ASECHI02(config)# router bgp 65138
ASECHI02(config-router)# !
ASECHI02(config-router)# neighbor 192.168.218.21 remote-as 65138
ASECHI02(config-router-neighbor)# !
ASECHI02(config-router-neighbor)# bfd
ASECHI02(config-router-neighbor)# !
ASECHI02(config-router-neighbor)# description MainDUT
ASECHI02(config-router-neighbor)# !
ASECHI02(config-router-neighbor)# update-source Eth1/1
ASECHI02(config-router-neighbor)# !
ASECHI02(config-router-neighbor)# address-family ipv4 unicast
ASECHI02(config-router-neighbor-af)# !
ASECHI02(config-router-neighbor-af)# soft-reconfiguration inbound
ASECHI02(config-router-neighbor-af)# </msg>
<msg timestamp="20151222 21:29:53.599" level="INFO">Command response:
config
Enter configuration commands, one per line.  End with CNTL/Z.
ASECHI02(config)# !
ASECHI02(config)# router bgp 65138
ASECHI02(config-router)# !
ASECHI02(config-router)# neighbor 192.168.218.21 remote-as 65138
ASECHI02(config-router-neighbor)# !
ASECHI02(config-router-neighbor)# bfd
ASECHI02(config-router-neighbor)# !
ASECHI02(config-router-neighbor)# description MainDUT
ASECHI02(config-router-neighbor)# !
ASECHI02(config-router-neighbor)# update-source Eth1/1
ASECHI02(config-router-neighbor)# !
ASECHI02(config-router-neighbor)# address-family ipv4 unicast
ASECHI02(config-router-neighbor-af)# !
ASECHI02(config-router-neighbor-af)# soft-reconfiguration inbound
ASECHI02(config-router-neighbor-af)# !
ASECHI02(config-router-neighbor-af)# </msg>
<msg timestamp="20151222 21:29:53.607" level="INFO">Command response:
config
Enter configuration commands, one per line.  End with CNTL/Z.
ASECHI02(config)# !
ASECHI02(config)# router bgp 65138
ASECHI02(config-router)# !
ASECHI02(config-router)# neighbor 192.168.218.21 remote-as 65138
ASECHI02(config-router-neighbor)# !
ASECHI02(config-router-neighbor)# bfd
ASECHI02(config-router-neighbor)# !
ASECHI02(config-router-neighbor)# description MainDUT
ASECHI02(config-router-neighbor)# !
ASECHI02(config-router-neighbor)# update-source Eth1/1
ASECHI02(config-router-neighbor)# !
ASECHI02(config-router-neighbor)# address-family ipv4 unicast
ASECHI02(config-router-neighbor-af)# !
ASECHI02(config-router-neighbor-af)# soft-reconfiguration inbound
ASECHI02(config-router-neighbor-af)# !
ASECHI02(config-router-neighbor-af)# end
ASECHI02# </msg>
<msg timestamp="20151222 21:29:53.609" level="INFO">Command response:
config
Enter configuration commands, one per line.  End with CNTL/Z.
ASECHI02(config)# !
ASECHI02(config)# router bgp 65138
ASECHI02(config-router)# !
ASECHI02(config-router)# neighbor 192.168.218.21 remote-as 65138
ASECHI02(config-router-neighbor)# !
ASECHI02(config-router-neighbor)# bfd
ASECHI02(config-router-neighbor)# !
ASECHI02(config-router-neighbor)# description MainDUT
ASECHI02(config-router-neighbor)# !
ASECHI02(config-router-neighbor)# update-source Eth1/1
ASECHI02(config-router-neighbor)# !
ASECHI02(config-router-neighbor)# address-family ipv4 unicast
ASECHI02(config-router-neighbor-af)# !
ASECHI02(config-router-neighbor-af)# soft-reconfiguration inbound
ASECHI02(config-router-neighbor-af)# !
ASECHI02(config-router-neighbor-af)# end
ASECHI02# !
ASECHI02# </msg>
<msg timestamp="20151222 21:29:53.609" html="yes" level="INFO">
&lt;font face="verdana" color="SaddleBrown"&gt;Executing below show commands just for debugging purpose. Not verifying anyhting in the command output</msg>
<msg timestamp="20151222 21:29:53.648" level="INFO">Command response:
show ip bgp summary
BGP summary information for VRF default, address family IPv4 Unicast
BGP router identifier 192.168.221.123, local AS number 65138
BGP table version is 2, IPv4 Unicast config peers 1, capable peers 0
0 network entries and 0 paths using 0 bytes of memory
BGP attribute entries [0/0], BGP AS path entries [0/0]
BGP community entries [0/0], BGP clusterlist entries [0/0]

Neighbor        V    AS MsgRcvd MsgSent   TblVer  InQ OutQ Up/Down  State/PfxRcd
192.168.218.22  4 65138       0       0        0    0    0 00:05:52 Idle     
ASECHI01# </msg>
<msg timestamp="20151222 21:29:53.704" level="INFO">Command response:
show ip interface brief
IP Interface Status for VRF "default"(1)
Interface            IP Address      Interface Status
Vlan2                10.169.61.34    protocol-down/link-down/admin-up   
Vlan4                10.169.61.98    protocol-down/link-down/admin-down 
Vlan101              192.168.101.1   protocol-down/link-down/admin-up   
Lo106                192.168.221.123 protocol-down/link-down/admin-down 
Eth1/1               192.168.218.21  protocol-up/link-up/admin-up       
Eth1/6               10.169.57.238   protocol-down/link-down/admin-down 
Eth1/32              10.89.1.26      protocol-up/link-up/admin-up       
Eth1/40              10.169.57.226   protocol-down/link-down/admin-down 
ASECHI01# </msg>
<msg timestamp="20151222 21:29:53.721" level="INFO">Command response:
show ip bgp summary
BGP summary information for VRF default, address family IPv4 Unicast
BGP router identifier 10.169.57.189, local AS number 65138
BGP table version is 11, IPv4 Unicast config peers 5, capable peers 2
7 network entries and 8 paths using 808 bytes of memory
BGP attribute entries [2/272], BGP AS path entries [1/6]
BGP community entries [1/36], BGP clusterlist entries [0/0]
2 received paths for inbound soft reconfiguration
2 identical, 0 modified, 0 filtered received paths using 0 bytes

Neighbor        V    AS MsgRcvd MsgSent   TblVer  InQ OutQ Up/Down  State/PfxRcd
10.89.1.9       4 65137     942     943       11    0    0 15:38:08 1         
10.89.1.21      4 65137     948     949       11    0    0 15:43:39 1         
10.169.57.229   4 65137       0       0        0    0    0 15:43:55 Idle     
10.169.57.245   4 65138       0       0        0    0    0 15:43:55 Idle     
192.168.218.21  4 65138       0       0        0    0    0 00:05:52 Idle     
ASECHI02# </msg>
<msg timestamp="20151222 21:29:53.738" level="INFO">Command response:
show ip interface brief
IP Interface Status for VRF "default"(1)
Interface            IP Address      Interface Status
Vlan2                10.169.61.35    protocol-up/link-up/admin-up       
Vlan3                10.169.61.3     protocol-up/link-up/admin-up       
Vlan4                10.169.61.99    protocol-down/link-down/admin-down 
Vlan111              10.169.57.246   protocol-up/link-up/admin-up       
Eth1/1               192.168.218.22  protocol-up/link-up/admin-up       
Eth1/6               10.169.57.234   protocol-down/link-down/admin-down 
Eth1/31              10.89.1.10      protocol-up/link-up/admin-up       
Eth1/32              10.89.1.22      protocol-up/link-up/admin-up       
Eth1/40              10.169.57.230   protocol-down/link-down/admin-down 
Eth1/51              10.89.1.10      protocol-down/link-down/admin-down 
ASECHI02# </msg>
<msg timestamp="20151222 21:29:53.738" level="INFO">
waiting for 40 seconds to form BFD neighbors between the Devices</msg>
<msg timestamp="20151222 21:30:33.768" html="yes" level="INFO">
&lt;b&gt;&lt;font face="verdana" color="SaddleBrown"&gt;Parsing and Verifying Configuration in show bfd neighbors command output on Device Device_1 &lt;/b&gt;</msg>
<msg timestamp="20151222 21:30:33.768" html="yes" level="INFO">
&lt;font face="verdana" color="DarkMagenta"&gt;Parsing show bfd neighbors output</msg>
<msg timestamp="20151222 21:30:33.788" level="INFO">Command response:
show bfd neighbors

OurAddr         NeighAddr       LD/RD                 RH/RS           Holdown(mult)     State       Int                   Vrf                             
192.168.218.21  192.168.218.22  1090519041/1090519043 Up              5636(3)           Up          Eth1/1                default                         

ASECHI01# </msg>
<msg timestamp="20151222 21:30:33.790" html="yes" level="INFO">
&lt;b&gt;&lt;font face="verdana" color="green"&gt;Command show bfd neighbors output  parsing successful&lt;/b&gt;</msg>
<msg timestamp="20151222 21:30:33.790" html="yes" level="INFO">
&lt;font face="verdana" color="DarkMagenta"&gt;Verifying show bfd neighbors output  for BFD neighborship status UP on interface Eth1/1 </msg>
<msg timestamp="20151222 21:30:33.790" html="yes" level="INFO">
&lt;b&gt;&lt;font face="verdana" color="green"&gt;Command show bfd neighbors output verification success: BFD status is 'UP' on interface Eth1/1 as expected &lt;/b&gt;</msg>
<msg timestamp="20151222 21:30:33.790" html="yes" level="INFO">
&lt;b&gt;&lt;font face="verdana" color="SaddleBrown"&gt;Parsing and Verifying Configuration in show bfd neighbors command output on Device Device_2 &lt;/b&gt;</msg>
<msg timestamp="20151222 21:30:33.790" html="yes" level="INFO">
&lt;font face="verdana" color="DarkMagenta"&gt;Parsing show bfd neighbors output</msg>
<msg timestamp="20151222 21:30:33.810" level="INFO">Command response:
show bfd neighbors

OurAddr         NeighAddr       LD/RD                 RH/RS           Holdown(mult)     State       Int                   Vrf                             
10.89.1.22      10.89.1.21      1090519041/1090519198 Up              5045(3)           Up          Eth1/32               default                         

10.89.1.10      10.89.1.9       1090519042/1090519041 Up              5616(3)           Up          Eth1/31               default                         

192.168.218.22  192.168.218.21  1090519043/1090519041 Up              5074(3)           Up          Eth1/1                default                         

ASECHI02# </msg>
<msg timestamp="20151222 21:30:33.811" html="yes" level="INFO">
&lt;b&gt;&lt;font face="verdana" color="green"&gt;Command show bfd neighbors output  parsing successful&lt;/b&gt;</msg>
<msg timestamp="20151222 21:30:33.811" html="yes" level="INFO">
&lt;font face="verdana" color="DarkMagenta"&gt;Verifying show bfd neighbors output  for BFD neighborship status UP on interface Eth1/1 </msg>
<msg timestamp="20151222 21:30:33.811" html="yes" level="INFO">
&lt;b&gt;&lt;font face="verdana" color="green"&gt;Command show bfd neighbors output verification success: BFD status is 'UP' on interface Eth1/1 as expected &lt;/b&gt;</msg>
<msg timestamp="20151222 21:30:33.811" html="yes" level="INFO">
&lt;b&gt;&lt;font face="verdana" color="blue"&gt;Section-60.2: Performing physical interfaces shutdown  on Device Device_1 and Expecting BFD neighborship to go down&lt;/b&gt;</msg>
<msg timestamp="20151222 21:30:33.824" level="INFO">Command response:
show clock
05:30:33.813 UTC Wed Dec 23 2015
ASECHI01# </msg>
<msg timestamp="20151222 21:30:33.825" html="yes" level="INFO">
&lt;font face="verdana" color="DarkMagenta"&gt;Shutting down Physical Interface Eth1/1</msg>
<msg timestamp="20151222 21:30:33.826" level="INFO">Command response:

ASECHI01# </msg>
<msg timestamp="20151222 21:30:33.834" level="INFO">Command response:

ASECHI01# config
Enter configuration commands, one per line.  End with CNTL/Z.
ASECHI01(config)# </msg>
<msg timestamp="20151222 21:30:33.836" level="INFO">Command response:

ASECHI01# config
Enter configuration commands, one per line.  End with CNTL/Z.
ASECHI01(config)# !
ASECHI01(config)# </msg>
<msg timestamp="20151222 21:30:33.861" level="INFO">Command response:

ASECHI01# config
Enter configuration commands, one per line.  End with CNTL/Z.
ASECHI01(config)# !
ASECHI01(config)# interface Eth1/1
ASECHI01(config-if)# </msg>
<msg timestamp="20151222 21:30:33.863" level="INFO">Command response:

ASECHI01# config
Enter configuration commands, one per line.  End with CNTL/Z.
ASECHI01(config)# !
ASECHI01(config)# interface Eth1/1
ASECHI01(config-if)# !
ASECHI01(config-if)# </msg>
<msg timestamp="20151222 21:30:34.233" level="INFO">Command response:

ASECHI01# config
Enter configuration commands, one per line.  End with CNTL/Z.
ASECHI01(config)# !
ASECHI01(config)# interface Eth1/1
ASECHI01(config-if)# !
ASECHI01(config-if)# shutdown
ASECHI01(config-if)# </msg>
<msg timestamp="20151222 21:30:34.236" level="INFO">Command response:

ASECHI01# config
Enter configuration commands, one per line.  End with CNTL/Z.
ASECHI01(config)# !
ASECHI01(config)# interface Eth1/1
ASECHI01(config-if)# !
ASECHI01(config-if)# shutdown
ASECHI01(config-if)# !
ASECHI01(config-if)# </msg>
<msg timestamp="20151222 21:30:34.260" level="INFO">Command response:

ASECHI01# config
Enter configuration commands, one per line.  End with CNTL/Z.
ASECHI01(config)# !
ASECHI01(config)# interface Eth1/1
ASECHI01(config-if)# !
ASECHI01(config-if)# shutdown
ASECHI01(config-if)# !
ASECHI01(config-if)# end
ASECHI01# </msg>
<msg timestamp="20151222 21:30:34.277" level="INFO">Command response:

ASECHI01# config
Enter configuration commands, one per line.  End with CNTL/Z.
ASECHI01(config)# !
ASECHI01(config)# interface Eth1/1
ASECHI01(config-if)# !
ASECHI01(config-if)# shutdown
ASECHI01(config-if)# !
ASECHI01(config-if)# end
ASECHI01# !
ASECHI01# </msg>
<msg timestamp="20151222 21:30:39.283" level="INFO">DUT command output:
show bfd neighbors

OurAddr         NeighAddr       LD/RD                 RH/RS           Holdown(mult)     State       Int                   Vrf                             
192.168.218.21  192.168.218.22  1090519041/1090519043 Up              5636(3)           Up          Eth1/1                default                         

ASECHI01# 


DUT command output:
show bfd neighbors

OurAddr         NeighAddr       LD/RD                 RH/RS           Holdown(mult)     State       Int                   Vrf                             
10.89.1.22      10.89.1.21      1090519041/1090519198 Up              5045(3)           Up          Eth1/32               default                         

10.89.1.10      10.89.1.9       1090519042/1090519041 Up              5616(3)           Up          Eth1/31               default                         

192.168.218.22  192.168.218.21  1090519043/1090519041 Up              5074(3)           Up          Eth1/1                default                         

ASECHI02#</msg>
<msg timestamp="20151222 21:30:39.283" level="FAIL">AttributeError: Bfd_Physical_Interface_60_0 instance has no attribute 'port_1'</msg>
<status status="FAIL" endtime="20151222 21:30:39.284" starttime="20151222 21:29:52.406"></status>
</kw>
<doc>This testcase verifies _show bfd neighbors_ output on *Cisco SBC* router.</doc>
<status status="FAIL" endtime="20151222 21:30:39.284" critical="yes" starttime="20151222 21:29:52.397">AttributeError: Bfd_Physical_Interface_60_0 instance has no attribute 'port_1'</status>
</test>
<kw type="teardown" name="Suite Cleanup" library="tip_n3k_bfd_testsuite.TestSuite">
<msg timestamp="20151222 21:30:39.355" level="INFO">Releasing the connection established to the test devices</msg>
<status status="PASS" endtime="20151222 21:30:39.355" starttime="20151222 21:30:39.285"></status>
</kw>
<status status="FAIL" endtime="20151222 21:30:39.355" starttime="20151222 21:29:48.646"></status>
</suite>
<statistics>
<total>
<stat fail="1" pass="0">Critical Tests</stat>
<stat fail="1" pass="0">All Tests</stat>
</total>
<tag>
</tag>
<suite>
<stat fail="1" id="s1" name="Tip N3K Bfd Robotfile" pass="0">Tip N3K Bfd Robotfile</stat>
</suite>
</statistics>
<errors>
</errors>
</robot>
