<?xml version="1.0" encoding="UTF-8"?>
<robot generated="20151221 23:31:21.059" generator="Robot 2.9.1 (Python 2.7.9 on linux2)">
<suite source="/home/anilkmr/TIP_Execution/TIP_N3K_BFD/tip_n3k_bfd_robotfile.txt" id="s1" name="Tip N3K Bfd Robotfile">
<kw type="setup" name="Suite Setup" library="tip_n3k_bfd_testsuite.TestSuite">
<msg timestamp="20151221 23:31:23.279" level="INFO">${dutobj} = &lt;deviceLib.deviceLib instance at 0x7fa804282440&gt;</msg>
<msg timestamp="20151221 23:31:23.630" level="INFO">Command response:
 show version
Cisco Nexus Operating System (NX-OS) Software
TAC support: http://www.cisco.com/tac
Documents: http://www.cisco.com/en/US/products/ps9372/tsd_products_support_series_home.html
Copyright (c) 2002-2014, Cisco Systems, Inc. All rights reserved.
The copyrights to certain works contained herein are owned by
other third parties and are used and distributed under license.
Some parts of this software are covered under the GNU Public
License. A copy of the license is available at
http://www.gnu.org/licenses/gpl.html.

Software
  BIOS:      version 1.7.0
  loader:    version N/A
  kickstart: version 6.0(2)U3(5)
  system:    version 6.0(2)U3(5)
  Power Sequencer Firmware: 
             Module 1: version v1.0
  SFP uC:    version 2.12
  BIOS compile time:       10/14/2013
  kickstart image file is: bootflash:///n3000-uk9-kickstart.6.0.2.U3.5.bin
  kickstart compile time:  10/29/2014 22:00:00 [10/30/2014 08:18:41]
  system image file is:    bootflash:///n3000-uk9.6.0.2.U3.5.bin
  system compile time:     10/29/2014 22:00:00 [10/30/2014 11:33:56]


Hardware
  cisco Nexus 3064 Chassis ("48x10GE + 4x40G Supervisor")
  Intel(R) Celeron(R) CPU        P450 with 3785024 kB of memory.
  Processor Board ID FOC15461B7Z

  Device name: ASECHI01
  bootflash:    2007040 kB

Kernel uptime is 0 day(s), 19 hour(s), 43 minute(s), 31 second(s)

Last reset at 58815 usecs after  Mon Dec 21 11:47:21 2015

  Reason: Reset Requested by CLI command reload
  System version: 6.0(2)U3(5)
  Service: 

plugin
  Core Plugin, Ethernet Plugin
ASECHI01# </msg>
<msg timestamp="20151221 23:31:24.021" level="INFO">Command response:
 show version
Cisco Nexus Operating System (NX-OS) Software
TAC support: http://www.cisco.com/tac
Documents: http://www.cisco.com/en/US/products/ps9372/tsd_products_support_series_home.html
Copyright (c) 2002-2014, Cisco Systems, Inc. All rights reserved.
The copyrights to certain works contained herein are owned by
other third parties and are used and distributed under license.
Some parts of this software are covered under the GNU Public
License. A copy of the license is available at
http://www.gnu.org/licenses/gpl.html.

Software
  BIOS:      version 1.7.0
  loader:    version N/A
  kickstart: version 6.0(2)U3(5)
  system:    version 6.0(2)U3(5)
  Power Sequencer Firmware: 
             Module 1: version v1.0
  SFP uC:    version 2.12
  BIOS compile time:       10/14/2013
  kickstart image file is: bootflash:///n3000-uk9-kickstart.6.0.2.U3.5.bin
  kickstart compile time:  10/29/2014 22:00:00 [10/30/2014 08:18:41]
  system image file is:    bootflash:///n3000-uk9.6.0.2.U3.5.bin
  system compile time:     10/29/2014 22:00:00 [10/30/2014 11:33:56]


Hardware
  cisco Nexus 3064 Chassis ("48x10GE + 4x40G Supervisor")
  Intel(R) Celeron(R) CPU        P450 with 3785024 kB of memory.
  Processor Board ID FOC16482Z6H

  Device name: ASECHI02
  bootflash:    2007040 kB

Kernel uptime is 0 day(s), 19 hour(s), 43 minute(s), 54 second(s)

Last reset at 710889 usecs after  Mon Dec 21 11:46:58 2015

  Reason: Reset Requested by CLI command reload
  System version: 6.0(2)U3(5)
  Service: 

plugin
  Core Plugin, Ethernet Plugin
ASECHI02# </msg>
<msg timestamp="20151221 23:31:24.027" level="INFO">Command response:
term length 0
ASECHI01# </msg>
<msg timestamp="20151221 23:31:24.033" level="INFO">Command response:
term length 0
ASECHI02# </msg>
<msg timestamp="20151221 23:31:24.034" level="INFO">Establising connection to the test devices
{'Device_2': ' show version\r\r\nCisco Nexus Operating System (NX-OS) Software\r\nTAC support: http://www.cisco.com/tac\r\nDocuments: http://www.cisco.com/en/US/products/ps9372/tsd_products_support_series_home.html\r\nCopyright (c) 2002-2014, Cisco Systems, Inc. All rights reserved.\r\nThe copyrights to certain works contained herein are owned by\r\nother third parties and are used and distributed under license.\r\nSome parts of this software are covered under the GNU Public\r\nLicense. A copy of the license is available at\r\nhttp://www.gnu.org/licenses/gpl.html.\r\n\r\nSoftware\r\n  BIOS:      version 1.7.0\r\n  loader:    version N/A\r\n  kickstart: version 6.0(2)U3(5)\r\n  system:    version 6.0(2)U3(5)\r\n  Power Sequencer Firmware: \r\n             Module 1: version v1.0\r\n  SFP uC:    version 2.12\r\n  BIOS compile time:       10/14/2013\r\n  kickstart image file is: bootflash:///n3000-uk9-kickstart.6.0.2.U3.5.bin\r\n  kickstart compile time:  10/29/2014 22:00:00 [10/30/2014 08:18:41]\r\n  system image file is:    bootflash:///n3000-uk9.6.0.2.U3.5.bin\r\n  system compile time:     10/29/2014 22:00:00 [10/30/2014 11:33:56]\r\n\r\n\r\nHardware\r\n  cisco Nexus 3064 Chassis ("48x10GE + 4x40G Supervisor")\r\n  Intel(R) Celeron(R) CPU        P450 with 3785024 kB of memory.\r\n  Processor Board ID FOC16482Z6H\r\n\r\n  Device name: ASECHI02\r\n  bootflash:    2007040 kB\r\n\r\nKernel uptime is 0 day(s), 19 hour(s), 43 minute(s), 54 second(s)\r\n\r\nLast reset at 710889 usecs after  Mon Dec 21 11:46:58 2015\r\n\r\n  Reason: Reset Requested by CLI command reload\r\n  System version: 6.0(2)U3(5)\r\n  Service: \r\n\r\nplugin\r\n  Core Plugin, Ethernet Plugin\r\n\rASECHI02# ', 'Device_1': ' show version\r\r\nCisco Nexus Operating System (NX-OS) Software\r\nTAC support: http://www.cisco.com/tac\r\nDocuments: http://www.cisco.com/en/US/products/ps9372/tsd_products_support_series_home.html\r\nCopyright (c) 2002-2014, Cisco Systems, Inc. All rights reserved.\r\nThe copyrights to certain works contained herein are owned by\r\nother third parties and are used and distributed under license.\r\nSome parts of this software are covered under the GNU Public\r\nLicense. A copy of the license is available at\r\nhttp://www.gnu.org/licenses/gpl.html.\r\n\r\nSoftware\r\n  BIOS:      version 1.7.0\r\n  loader:    version N/A\r\n  kickstart: version 6.0(2)U3(5)\r\n  system:    version 6.0(2)U3(5)\r\n  Power Sequencer Firmware: \r\n             Module 1: version v1.0\r\n  SFP uC:    version 2.12\r\n  BIOS compile time:       10/14/2013\r\n  kickstart image file is: bootflash:///n3000-uk9-kickstart.6.0.2.U3.5.bin\r\n  kickstart compile time:  10/29/2014 22:00:00 [10/30/2014 08:18:41]\r\n  system image file is:    bootflash:///n3000-uk9.6.0.2.U3.5.bin\r\n  system compile time:     10/29/2014 22:00:00 [10/30/2014 11:33:56]\r\n\r\n\r\nHardware\r\n  cisco Nexus 3064 Chassis ("48x10GE + 4x40G Supervisor")\r\n  Intel(R) Celeron(R) CPU        P450 with 3785024 kB of memory.\r\n  Processor Board ID FOC15461B7Z\r\n\r\n  Device name: ASECHI01\r\n  bootflash:    2007040 kB\r\n\r\nKernel uptime is 0 day(s), 19 hour(s), 43 minute(s), 31 second(s)\r\n\r\nLast reset at 58815 usecs after  Mon Dec 21 11:47:21 2015\r\n\r\n  Reason: Reset Requested by CLI command reload\r\n  System version: 6.0(2)U3(5)\r\n  Service: \r\n\r\nplugin\r\n  Core Plugin, Ethernet Plugin\r\n\rASECHI01# '}
{'Device_2': 'term length 0\r\r\n\rASECHI02# ', 'Device_1': 'term length 0\r\r\n\rASECHI01# '}</msg>
<status status="PASS" endtime="20151221 23:31:24.034" starttime="20151221 23:31:21.233"></status>
</kw>
<test id="s1-t1" name="61_0_BFD_Port_Channel">
<kw name="Log" library="BuiltIn">
<doc>Logs the given message with the given level.</doc>
<arguments>
<arg>Testcase Initialize section creates test case object and populates it with information from yaml file</arg>
</arguments>
<msg timestamp="20151221 23:31:24.036" level="INFO">Testcase Initialize section creates test case object and populates it with information from yaml file</msg>
<status status="PASS" endtime="20151221 23:31:24.036" starttime="20151221 23:31:24.035"></status>
</kw>
<kw name="Testcase2 Initialize" library="tip_n3k_bfd_testcases.Testcases">
<assign>
<var>${obj}</var>
</assign>
<msg timestamp="20151221 23:31:24.041" level="INFO">${obj} = &lt;tip_n3k_bfd_testcases.BFD_Port_Channel_61_0 instance at 0x7fa804528f80&gt;</msg>
<status status="PASS" endtime="20151221 23:31:24.041" starttime="20151221 23:31:24.036"></status>
</kw>
<kw name="Log" library="BuiltIn">
<doc>Logs the given message with the given level.</doc>
<arguments>
<arg>Testcase Setup section uses test case object and executes prerequisite steps for executing Testcase Test section</arg>
</arguments>
<msg timestamp="20151221 23:31:24.041" level="INFO">Testcase Setup section uses test case object and executes prerequisite steps for executing Testcase Test section</msg>
<status status="PASS" endtime="20151221 23:31:24.041" starttime="20151221 23:31:24.041"></status>
</kw>
<kw name="Testcase Setup" library="tip_n3k_bfd_testcases.Testcases">
<arguments>
<arg>${obj}</arg>
</arguments>
<status status="PASS" endtime="20151221 23:31:24.043" starttime="20151221 23:31:24.042"></status>
</kw>
<kw name="Log" library="BuiltIn">
<doc>Logs the given message with the given level.</doc>
<arguments>
<arg>Test case Test section uses test case object and accomplishes ${Testcases.Testcase2.shbfd} execution, output parsing and verification.</arg>
</arguments>
<msg timestamp="20151221 23:31:24.043" level="INFO">Test case Test section uses test case object and accomplishes show bfd neighbors execution, output parsing and verification.</msg>
<status status="PASS" endtime="20151221 23:31:24.043" starttime="20151221 23:31:24.043"></status>
</kw>
<kw name="Testcase Test" library="tip_n3k_bfd_testcases.Testcases">
<arguments>
<arg>${obj}</arg>
</arguments>
<msg timestamp="20151221 23:31:24.044" html="yes" level="INFO">
&lt;b&gt;&lt;font face="verdana" color="blue"&gt;Section-61.06: Configuring fake ip address  on port-Channel Interface Po4 on device Device_1 and expecting the BFD neighborship  to go down&lt;/b&gt;</msg>
<status status="PASS" endtime="20151221 23:31:24.044" starttime="20151221 23:31:24.044"></status>
</kw>
<kw name="Log" library="BuiltIn">
<doc>Logs the given message with the given level.</doc>
<arguments>
<arg>Test case Cleanup section uses test case object and executes cleanup steps.</arg>
</arguments>
<msg timestamp="20151221 23:31:24.045" level="INFO">Test case Cleanup section uses test case object and executes cleanup steps.</msg>
<status status="PASS" endtime="20151221 23:31:24.045" starttime="20151221 23:31:24.045"></status>
</kw>
<kw name="Testcase Cleanup" library="tip_n3k_bfd_testcases.Testcases">
<arguments>
<arg>${obj}</arg>
</arguments>
<msg timestamp="20151221 23:31:24.046" html="yes" level="INFO">
&lt;b&gt;&lt;font face="verdana" color="blue"&gt;Section-61.12: UnConfiguring the configuration done as part of this test case on both Devices&lt;/b&gt;</msg>
<msg timestamp="20151221 23:31:24.046" html="yes" level="INFO">
&lt;b&gt;&lt;font face="verdana" color="SaddleBrown"&gt;Removing Configuration on Device Device_1 &lt;/b&gt;</msg>
<msg timestamp="20151221 23:31:24.046" html="yes" level="INFO">
&lt;font face="verdana" color="DarkMagenta"&gt;Removing ip address 192.168.218.21 on port-channel interface Po4 </msg>
<msg timestamp="20151221 23:31:24.048" level="INFO">Command response:

ASECHI01# </msg>
<msg timestamp="20151221 23:31:24.056" level="INFO">Command response:

ASECHI01# config
Enter configuration commands, one per line.  End with CNTL/Z.
ASECHI01(config)# </msg>
<msg timestamp="20151221 23:31:24.058" level="INFO">Command response:

ASECHI01# config
Enter configuration commands, one per line.  End with CNTL/Z.
ASECHI01(config)# !
ASECHI01(config)# </msg>
<msg timestamp="20151221 23:31:24.118" level="INFO">Command response:

ASECHI01# config
Enter configuration commands, one per line.  End with CNTL/Z.
ASECHI01(config)# !
ASECHI01(config)# interface Po4
ASECHI01(config-if)# </msg>
<msg timestamp="20151221 23:31:24.120" level="INFO">Command response:

ASECHI01# config
Enter configuration commands, one per line.  End with CNTL/Z.
ASECHI01(config)# !
ASECHI01(config)# interface Po4
ASECHI01(config-if)# !
ASECHI01(config-if)# </msg>
<msg timestamp="20151221 23:31:24.139" level="INFO">Command response:

ASECHI01# config
Enter configuration commands, one per line.  End with CNTL/Z.
ASECHI01(config)# !
ASECHI01(config)# interface Po4
ASECHI01(config-if)# !
ASECHI01(config-if)# no ip address
                             ^
% Invalid command at '^' marker.
ASECHI01(config-if)# </msg>
<msg timestamp="20151221 23:31:24.142" level="INFO">Command response:

ASECHI01# config
Enter configuration commands, one per line.  End with CNTL/Z.
ASECHI01(config)# !
ASECHI01(config)# interface Po4
ASECHI01(config-if)# !
ASECHI01(config-if)# no ip address
                             ^
% Invalid command at '^' marker.
ASECHI01(config-if)# !
ASECHI01(config-if)# </msg>
<msg timestamp="20151221 23:31:24.152" level="INFO">Command response:

ASECHI01# config
Enter configuration commands, one per line.  End with CNTL/Z.
ASECHI01(config)# !
ASECHI01(config)# interface Po4
ASECHI01(config-if)# !
ASECHI01(config-if)# no ip address
                             ^
% Invalid command at '^' marker.
ASECHI01(config-if)# !
ASECHI01(config-if)# exit
ASECHI01(config)# </msg>
<msg timestamp="20151221 23:31:24.155" level="INFO">Command response:

ASECHI01# config
Enter configuration commands, one per line.  End with CNTL/Z.
ASECHI01(config)# !
ASECHI01(config)# interface Po4
ASECHI01(config-if)# !
ASECHI01(config-if)# no ip address
                             ^
% Invalid command at '^' marker.
ASECHI01(config-if)# !
ASECHI01(config-if)# exit
ASECHI01(config)# !
ASECHI01(config)# </msg>
<msg timestamp="20151221 23:31:24.221" level="INFO">Command response:

ASECHI01# config
Enter configuration commands, one per line.  End with CNTL/Z.
ASECHI01(config)# !
ASECHI01(config)# interface Po4
ASECHI01(config-if)# !
ASECHI01(config-if)# no ip address
                             ^
% Invalid command at '^' marker.
ASECHI01(config-if)# !
ASECHI01(config-if)# exit
ASECHI01(config)# !
ASECHI01(config)# no interface Po4
ASECHI01(config)# </msg>
<msg timestamp="20151221 23:31:24.224" level="INFO">Command response:

ASECHI01# config
Enter configuration commands, one per line.  End with CNTL/Z.
ASECHI01(config)# !
ASECHI01(config)# interface Po4
ASECHI01(config-if)# !
ASECHI01(config-if)# no ip address
                             ^
% Invalid command at '^' marker.
ASECHI01(config-if)# !
ASECHI01(config-if)# exit
ASECHI01(config)# !
ASECHI01(config)# no interface Po4
ASECHI01(config)# !
ASECHI01(config)# </msg>
<msg timestamp="20151221 23:31:24.229" level="INFO">Command response:

ASECHI01# config
Enter configuration commands, one per line.  End with CNTL/Z.
ASECHI01(config)# !
ASECHI01(config)# interface Po4
ASECHI01(config-if)# !
ASECHI01(config-if)# no ip address
                             ^
% Invalid command at '^' marker.
ASECHI01(config-if)# !
ASECHI01(config-if)# exit
ASECHI01(config)# !
ASECHI01(config)# no interface Po4
ASECHI01(config)# !
ASECHI01(config)# end
ASECHI01# </msg>
<msg timestamp="20151221 23:31:24.232" level="INFO">Command response:

ASECHI01# config
Enter configuration commands, one per line.  End with CNTL/Z.
ASECHI01(config)# !
ASECHI01(config)# interface Po4
ASECHI01(config-if)# !
ASECHI01(config-if)# no ip address
                             ^
% Invalid command at '^' marker.
ASECHI01(config-if)# !
ASECHI01(config-if)# exit
ASECHI01(config)# !
ASECHI01(config)# no interface Po4
ASECHI01(config)# !
ASECHI01(config)# end
ASECHI01# !
ASECHI01# </msg>
<msg timestamp="20151221 23:31:24.232" html="yes" level="INFO">
&lt;font face="verdana" color="DarkMagenta"&gt;Deleting port ['Eth1/1', 'Eth1/2'] from port-Channel Po4 </msg>
<msg timestamp="20151221 23:31:24.234" level="INFO">Command response:

ASECHI01# </msg>
<msg timestamp="20151221 23:31:24.240" level="INFO">Command response:

ASECHI01# config
Enter configuration commands, one per line.  End with CNTL/Z.
ASECHI01(config)# </msg>
<msg timestamp="20151221 23:31:24.243" level="INFO">Command response:

ASECHI01# config
Enter configuration commands, one per line.  End with CNTL/Z.
ASECHI01(config)# !
ASECHI01(config)# </msg>
<msg timestamp="20151221 23:31:24.304" level="INFO">Command response:

ASECHI01# config
Enter configuration commands, one per line.  End with CNTL/Z.
ASECHI01(config)# !
ASECHI01(config)# interface Eth1/1
ASECHI01(config-if)# </msg>
<msg timestamp="20151221 23:31:24.306" level="INFO">Command response:

ASECHI01# config
Enter configuration commands, one per line.  End with CNTL/Z.
ASECHI01(config)# !
ASECHI01(config)# interface Eth1/1
ASECHI01(config-if)# !
ASECHI01(config-if)# </msg>
<msg timestamp="20151221 23:31:24.355" level="INFO">Command response:

ASECHI01# config
Enter configuration commands, one per line.  End with CNTL/Z.
ASECHI01(config)# !
ASECHI01(config)# interface Eth1/1
ASECHI01(config-if)# !
ASECHI01(config-if)# no shutdown
ASECHI01(config-if)# </msg>
<msg timestamp="20151221 23:31:24.357" level="INFO">Command response:

ASECHI01# config
Enter configuration commands, one per line.  End with CNTL/Z.
ASECHI01(config)# !
ASECHI01(config)# interface Eth1/1
ASECHI01(config-if)# !
ASECHI01(config-if)# no shutdown
ASECHI01(config-if)# !
ASECHI01(config-if)# </msg>
<msg timestamp="20151221 23:31:25.430" level="INFO">Command response:

ASECHI01# config
Enter configuration commands, one per line.  End with CNTL/Z.
ASECHI01(config)# !
ASECHI01(config)# interface Eth1/1
ASECHI01(config-if)# !
ASECHI01(config-if)# no shutdown
ASECHI01(config-if)# !
ASECHI01(config-if)# no channel-group
Ethernet1/1: not part of port-channel
ASECHI01(config-if)# </msg>
<msg timestamp="20151221 23:31:25.432" level="INFO">Command response:

ASECHI01# config
Enter configuration commands, one per line.  End with CNTL/Z.
ASECHI01(config)# !
ASECHI01(config)# interface Eth1/1
ASECHI01(config-if)# !
ASECHI01(config-if)# no shutdown
ASECHI01(config-if)# !
ASECHI01(config-if)# no channel-group
Ethernet1/1: not part of port-channel
ASECHI01(config-if)# !
ASECHI01(config-if)# </msg>
<msg timestamp="20151221 23:31:25.443" level="INFO">Command response:

ASECHI01# config
Enter configuration commands, one per line.  End with CNTL/Z.
ASECHI01(config)# !
ASECHI01(config)# interface Eth1/1
ASECHI01(config-if)# !
ASECHI01(config-if)# no shutdown
ASECHI01(config-if)# !
ASECHI01(config-if)# no channel-group
Ethernet1/1: not part of port-channel
ASECHI01(config-if)# !
ASECHI01(config-if)# exit
ASECHI01(config)# </msg>
<msg timestamp="20151221 23:31:25.445" level="INFO">Command response:

ASECHI01# config
Enter configuration commands, one per line.  End with CNTL/Z.
ASECHI01(config)# !
ASECHI01(config)# interface Eth1/1
ASECHI01(config-if)# !
ASECHI01(config-if)# no shutdown
ASECHI01(config-if)# !
ASECHI01(config-if)# no channel-group
Ethernet1/1: not part of port-channel
ASECHI01(config-if)# !
ASECHI01(config-if)# exit
ASECHI01(config)# !
ASECHI01(config)# </msg>
<msg timestamp="20151221 23:31:25.465" level="INFO">Command response:

ASECHI01# config
Enter configuration commands, one per line.  End with CNTL/Z.
ASECHI01(config)# !
ASECHI01(config)# interface Eth1/1
ASECHI01(config-if)# !
ASECHI01(config-if)# no shutdown
ASECHI01(config-if)# !
ASECHI01(config-if)# no channel-group
Ethernet1/1: not part of port-channel
ASECHI01(config-if)# !
ASECHI01(config-if)# exit
ASECHI01(config)# !
ASECHI01(config)# no interface port-channel 4
port-channel4: port-channel not present
ASECHI01(config)# </msg>
<msg timestamp="20151221 23:31:25.467" level="INFO">Command response:

ASECHI01# config
Enter configuration commands, one per line.  End with CNTL/Z.
ASECHI01(config)# !
ASECHI01(config)# interface Eth1/1
ASECHI01(config-if)# !
ASECHI01(config-if)# no shutdown
ASECHI01(config-if)# !
ASECHI01(config-if)# no channel-group
Ethernet1/1: not part of port-channel
ASECHI01(config-if)# !
ASECHI01(config-if)# exit
ASECHI01(config)# !
ASECHI01(config)# no interface port-channel 4
port-channel4: port-channel not present
ASECHI01(config)# !
ASECHI01(config)# </msg>
<msg timestamp="20151221 23:31:25.472" level="INFO">Command response:

ASECHI01# config
Enter configuration commands, one per line.  End with CNTL/Z.
ASECHI01(config)# !
ASECHI01(config)# interface Eth1/1
ASECHI01(config-if)# !
ASECHI01(config-if)# no shutdown
ASECHI01(config-if)# !
ASECHI01(config-if)# no channel-group
Ethernet1/1: not part of port-channel
ASECHI01(config-if)# !
ASECHI01(config-if)# exit
ASECHI01(config)# !
ASECHI01(config)# no interface port-channel 4
port-channel4: port-channel not present
ASECHI01(config)# !
ASECHI01(config)# end
ASECHI01# </msg>
<msg timestamp="20151221 23:31:25.474" level="INFO">Command response:

ASECHI01# config
Enter configuration commands, one per line.  End with CNTL/Z.
ASECHI01(config)# !
ASECHI01(config)# interface Eth1/1
ASECHI01(config-if)# !
ASECHI01(config-if)# no shutdown
ASECHI01(config-if)# !
ASECHI01(config-if)# no channel-group
Ethernet1/1: not part of port-channel
ASECHI01(config-if)# !
ASECHI01(config-if)# exit
ASECHI01(config)# !
ASECHI01(config)# no interface port-channel 4
port-channel4: port-channel not present
ASECHI01(config)# !
ASECHI01(config)# end
ASECHI01# !
ASECHI01# </msg>
<msg timestamp="20151221 23:31:25.476" level="INFO">Command response:

ASECHI01# </msg>
<msg timestamp="20151221 23:31:25.483" level="INFO">Command response:

ASECHI01# config
Enter configuration commands, one per line.  End with CNTL/Z.
ASECHI01(config)# </msg>
<msg timestamp="20151221 23:31:25.486" level="INFO">Command response:

ASECHI01# config
Enter configuration commands, one per line.  End with CNTL/Z.
ASECHI01(config)# !
ASECHI01(config)# </msg>
<msg timestamp="20151221 23:31:25.510" level="INFO">Command response:

ASECHI01# config
Enter configuration commands, one per line.  End with CNTL/Z.
ASECHI01(config)# !
ASECHI01(config)# interface Eth1/2
ASECHI01(config-if)# </msg>
<msg timestamp="20151221 23:31:25.512" level="INFO">Command response:

ASECHI01# config
Enter configuration commands, one per line.  End with CNTL/Z.
ASECHI01(config)# !
ASECHI01(config)# interface Eth1/2
ASECHI01(config-if)# !
ASECHI01(config-if)# </msg>
<msg timestamp="20151221 23:31:25.545" level="INFO">Command response:

ASECHI01# config
Enter configuration commands, one per line.  End with CNTL/Z.
ASECHI01(config)# !
ASECHI01(config)# interface Eth1/2
ASECHI01(config-if)# !
ASECHI01(config-if)# no shutdown
ASECHI01(config-if)# </msg>
<msg timestamp="20151221 23:31:25.547" level="INFO">Command response:

ASECHI01# config
Enter configuration commands, one per line.  End with CNTL/Z.
ASECHI01(config)# !
ASECHI01(config)# interface Eth1/2
ASECHI01(config-if)# !
ASECHI01(config-if)# no shutdown
ASECHI01(config-if)# !
ASECHI01(config-if)# </msg>
<msg timestamp="20151221 23:31:26.575" level="INFO">Command response:

ASECHI01# config
Enter configuration commands, one per line.  End with CNTL/Z.
ASECHI01(config)# !
ASECHI01(config)# interface Eth1/2
ASECHI01(config-if)# !
ASECHI01(config-if)# no shutdown
ASECHI01(config-if)# !
ASECHI01(config-if)# no channel-group
Ethernet1/2: not part of port-channel
ASECHI01(config-if)# </msg>
<msg timestamp="20151221 23:31:26.579" level="INFO">Command response:

ASECHI01# config
Enter configuration commands, one per line.  End with CNTL/Z.
ASECHI01(config)# !
ASECHI01(config)# interface Eth1/2
ASECHI01(config-if)# !
ASECHI01(config-if)# no shutdown
ASECHI01(config-if)# !
ASECHI01(config-if)# no channel-group
Ethernet1/2: not part of port-channel
ASECHI01(config-if)# !
ASECHI01(config-if)# </msg>
<msg timestamp="20151221 23:31:26.589" level="INFO">Command response:

ASECHI01# config
Enter configuration commands, one per line.  End with CNTL/Z.
ASECHI01(config)# !
ASECHI01(config)# interface Eth1/2
ASECHI01(config-if)# !
ASECHI01(config-if)# no shutdown
ASECHI01(config-if)# !
ASECHI01(config-if)# no channel-group
Ethernet1/2: not part of port-channel
ASECHI01(config-if)# !
ASECHI01(config-if)# exit
ASECHI01(config)# </msg>
<msg timestamp="20151221 23:31:26.591" level="INFO">Command response:

ASECHI01# config
Enter configuration commands, one per line.  End with CNTL/Z.
ASECHI01(config)# !
ASECHI01(config)# interface Eth1/2
ASECHI01(config-if)# !
ASECHI01(config-if)# no shutdown
ASECHI01(config-if)# !
ASECHI01(config-if)# no channel-group
Ethernet1/2: not part of port-channel
ASECHI01(config-if)# !
ASECHI01(config-if)# exit
ASECHI01(config)# !
ASECHI01(config)# </msg>
<msg timestamp="20151221 23:31:26.609" level="INFO">Command response:

ASECHI01# config
Enter configuration commands, one per line.  End with CNTL/Z.
ASECHI01(config)# !
ASECHI01(config)# interface Eth1/2
ASECHI01(config-if)# !
ASECHI01(config-if)# no shutdown
ASECHI01(config-if)# !
ASECHI01(config-if)# no channel-group
Ethernet1/2: not part of port-channel
ASECHI01(config-if)# !
ASECHI01(config-if)# exit
ASECHI01(config)# !
ASECHI01(config)# no interface port-channel 4
port-channel4: port-channel not present
ASECHI01(config)# </msg>
<msg timestamp="20151221 23:31:26.613" level="INFO">Command response:

ASECHI01# config
Enter configuration commands, one per line.  End with CNTL/Z.
ASECHI01(config)# !
ASECHI01(config)# interface Eth1/2
ASECHI01(config-if)# !
ASECHI01(config-if)# no shutdown
ASECHI01(config-if)# !
ASECHI01(config-if)# no channel-group
Ethernet1/2: not part of port-channel
ASECHI01(config-if)# !
ASECHI01(config-if)# exit
ASECHI01(config)# !
ASECHI01(config)# no interface port-channel 4
port-channel4: port-channel not present
ASECHI01(config)# !
ASECHI01(config)# </msg>
<msg timestamp="20151221 23:31:26.618" level="INFO">Command response:

ASECHI01# config
Enter configuration commands, one per line.  End with CNTL/Z.
ASECHI01(config)# !
ASECHI01(config)# interface Eth1/2
ASECHI01(config-if)# !
ASECHI01(config-if)# no shutdown
ASECHI01(config-if)# !
ASECHI01(config-if)# no channel-group
Ethernet1/2: not part of port-channel
ASECHI01(config-if)# !
ASECHI01(config-if)# exit
ASECHI01(config)# !
ASECHI01(config)# no interface port-channel 4
port-channel4: port-channel not present
ASECHI01(config)# !
ASECHI01(config)# end
ASECHI01# </msg>
<msg timestamp="20151221 23:31:26.620" level="INFO">Command response:

ASECHI01# config
Enter configuration commands, one per line.  End with CNTL/Z.
ASECHI01(config)# !
ASECHI01(config)# interface Eth1/2
ASECHI01(config-if)# !
ASECHI01(config-if)# no shutdown
ASECHI01(config-if)# !
ASECHI01(config-if)# no channel-group
Ethernet1/2: not part of port-channel
ASECHI01(config-if)# !
ASECHI01(config-if)# exit
ASECHI01(config)# !
ASECHI01(config)# no interface port-channel 4
port-channel4: port-channel not present
ASECHI01(config)# !
ASECHI01(config)# end
ASECHI01# !
ASECHI01# </msg>
<msg timestamp="20151221 23:31:26.620" html="yes" level="INFO">
&lt;font face="verdana" color="DarkMagenta"&gt;Configuring Logging TimeStamp to Seconds</msg>
<msg timestamp="20151221 23:31:26.620" html="yes" level="INFO">
&lt;b&gt;&lt;font face="verdana" color="SaddleBrown"&gt;Removing Configuration on Device Device_2 &lt;/b&gt;</msg>
<msg timestamp="20151221 23:31:26.620" html="yes" level="INFO">
&lt;font face="verdana" color="DarkMagenta"&gt;Removing ip address 192.168.218.22 on port-channel interface Po4 </msg>
<msg timestamp="20151221 23:31:26.623" level="INFO">Command response:

ASECHI02# </msg>
<msg timestamp="20151221 23:31:26.629" level="INFO">Command response:

ASECHI02# config
Enter configuration commands, one per line.  End with CNTL/Z.
ASECHI02(config)# </msg>
<msg timestamp="20151221 23:31:26.631" level="INFO">Command response:

ASECHI02# config
Enter configuration commands, one per line.  End with CNTL/Z.
ASECHI02(config)# !
ASECHI02(config)# </msg>
<msg timestamp="20151221 23:31:26.659" level="INFO">Command response:

ASECHI02# config
Enter configuration commands, one per line.  End with CNTL/Z.
ASECHI02(config)# !
ASECHI02(config)# interface Po4
ASECHI02(config-if)# </msg>
<msg timestamp="20151221 23:31:26.661" level="INFO">Command response:

ASECHI02# config
Enter configuration commands, one per line.  End with CNTL/Z.
ASECHI02(config)# !
ASECHI02(config)# interface Po4
ASECHI02(config-if)# !
ASECHI02(config-if)# </msg>
<msg timestamp="20151221 23:31:26.700" level="INFO">Command response:

ASECHI02# config
Enter configuration commands, one per line.  End with CNTL/Z.
ASECHI02(config)# !
ASECHI02(config)# interface Po4
ASECHI02(config-if)# !
ASECHI02(config-if)# no ip address
ASECHI02(config-if)# </msg>
<msg timestamp="20151221 23:31:26.704" level="INFO">Command response:

ASECHI02# config
Enter configuration commands, one per line.  End with CNTL/Z.
ASECHI02(config)# !
ASECHI02(config)# interface Po4
ASECHI02(config-if)# !
ASECHI02(config-if)# no ip address
ASECHI02(config-if)# !
ASECHI02(config-if)# </msg>
<msg timestamp="20151221 23:31:26.714" level="INFO">Command response:

ASECHI02# config
Enter configuration commands, one per line.  End with CNTL/Z.
ASECHI02(config)# !
ASECHI02(config)# interface Po4
ASECHI02(config-if)# !
ASECHI02(config-if)# no ip address
ASECHI02(config-if)# !
ASECHI02(config-if)# exit
ASECHI02(config)# </msg>
<msg timestamp="20151221 23:31:26.716" level="INFO">Command response:

ASECHI02# config
Enter configuration commands, one per line.  End with CNTL/Z.
ASECHI02(config)# !
ASECHI02(config)# interface Po4
ASECHI02(config-if)# !
ASECHI02(config-if)# no ip address
ASECHI02(config-if)# !
ASECHI02(config-if)# exit
ASECHI02(config)# !
ASECHI02(config)# </msg>
<msg timestamp="20151221 23:31:27.255" level="INFO">Command response:

ASECHI02# config
Enter configuration commands, one per line.  End with CNTL/Z.
ASECHI02(config)# !
ASECHI02(config)# interface Po4
ASECHI02(config-if)# !
ASECHI02(config-if)# no ip address
ASECHI02(config-if)# !
ASECHI02(config-if)# exit
ASECHI02(config)# !
ASECHI02(config)# no interface Po4
ASECHI02(config)# </msg>
<msg timestamp="20151221 23:31:27.257" level="INFO">Command response:

ASECHI02# config
Enter configuration commands, one per line.  End with CNTL/Z.
ASECHI02(config)# !
ASECHI02(config)# interface Po4
ASECHI02(config-if)# !
ASECHI02(config-if)# no ip address
ASECHI02(config-if)# !
ASECHI02(config-if)# exit
ASECHI02(config)# !
ASECHI02(config)# no interface Po4
ASECHI02(config)# !
ASECHI02(config)# </msg>
<msg timestamp="20151221 23:31:27.265" level="INFO">Command response:

ASECHI02# config
Enter configuration commands, one per line.  End with CNTL/Z.
ASECHI02(config)# !
ASECHI02(config)# interface Po4
ASECHI02(config-if)# !
ASECHI02(config-if)# no ip address
ASECHI02(config-if)# !
ASECHI02(config-if)# exit
ASECHI02(config)# !
ASECHI02(config)# no interface Po4
ASECHI02(config)# !
ASECHI02(config)# end
ASECHI02# </msg>
<msg timestamp="20151221 23:31:27.267" level="INFO">Command response:

ASECHI02# config
Enter configuration commands, one per line.  End with CNTL/Z.
ASECHI02(config)# !
ASECHI02(config)# interface Po4
ASECHI02(config-if)# !
ASECHI02(config-if)# no ip address
ASECHI02(config-if)# !
ASECHI02(config-if)# exit
ASECHI02(config)# !
ASECHI02(config)# no interface Po4
ASECHI02(config)# !
ASECHI02(config)# end
ASECHI02# !
ASECHI02# </msg>
<msg timestamp="20151221 23:31:27.267" html="yes" level="INFO">
&lt;font face="verdana" color="DarkMagenta"&gt;Deleting port ['Eth1/1', 'Eth1/2'] from port-Channel Po4 </msg>
<msg timestamp="20151221 23:31:27.269" level="INFO">Command response:

ASECHI02# </msg>
<msg timestamp="20151221 23:31:27.281" level="INFO">Command response:

ASECHI02# config
Enter configuration commands, one per line.  End with CNTL/Z.
ASECHI02(config)# </msg>
<msg timestamp="20151221 23:31:27.284" level="INFO">Command response:

ASECHI02# config
Enter configuration commands, one per line.  End with CNTL/Z.
ASECHI02(config)# !
ASECHI02(config)# </msg>
<msg timestamp="20151221 23:31:27.325" level="INFO">Command response:

ASECHI02# config
Enter configuration commands, one per line.  End with CNTL/Z.
ASECHI02(config)# !
ASECHI02(config)# interface Eth1/1
ASECHI02(config-if)# </msg>
<msg timestamp="20151221 23:31:27.327" level="INFO">Command response:

ASECHI02# config
Enter configuration commands, one per line.  End with CNTL/Z.
ASECHI02(config)# !
ASECHI02(config)# interface Eth1/1
ASECHI02(config-if)# !
ASECHI02(config-if)# </msg>
<msg timestamp="20151221 23:31:27.380" level="INFO">Command response:

ASECHI02# config
Enter configuration commands, one per line.  End with CNTL/Z.
ASECHI02(config)# !
ASECHI02(config)# interface Eth1/1
ASECHI02(config-if)# !
ASECHI02(config-if)# no shutdown
ASECHI02(config-if)# </msg>
<msg timestamp="20151221 23:31:27.383" level="INFO">Command response:

ASECHI02# config
Enter configuration commands, one per line.  End with CNTL/Z.
ASECHI02(config)# !
ASECHI02(config)# interface Eth1/1
ASECHI02(config-if)# !
ASECHI02(config-if)# no shutdown
ASECHI02(config-if)# !
ASECHI02(config-if)# </msg>
<msg timestamp="20151221 23:31:28.426" level="INFO">Command response:

ASECHI02# config
Enter configuration commands, one per line.  End with CNTL/Z.
ASECHI02(config)# !
ASECHI02(config)# interface Eth1/1
ASECHI02(config-if)# !
ASECHI02(config-if)# no shutdown
ASECHI02(config-if)# !
ASECHI02(config-if)# no channel-group
Ethernet1/1: not part of port-channel
ASECHI02(config-if)# </msg>
<msg timestamp="20151221 23:31:28.428" level="INFO">Command response:

ASECHI02# config
Enter configuration commands, one per line.  End with CNTL/Z.
ASECHI02(config)# !
ASECHI02(config)# interface Eth1/1
ASECHI02(config-if)# !
ASECHI02(config-if)# no shutdown
ASECHI02(config-if)# !
ASECHI02(config-if)# no channel-group
Ethernet1/1: not part of port-channel
ASECHI02(config-if)# !
ASECHI02(config-if)# </msg>
<msg timestamp="20151221 23:31:28.437" level="INFO">Command response:

ASECHI02# config
Enter configuration commands, one per line.  End with CNTL/Z.
ASECHI02(config)# !
ASECHI02(config)# interface Eth1/1
ASECHI02(config-if)# !
ASECHI02(config-if)# no shutdown
ASECHI02(config-if)# !
ASECHI02(config-if)# no channel-group
Ethernet1/1: not part of port-channel
ASECHI02(config-if)# !
ASECHI02(config-if)# exit
ASECHI02(config)# </msg>
<msg timestamp="20151221 23:31:28.440" level="INFO">Command response:

ASECHI02# config
Enter configuration commands, one per line.  End with CNTL/Z.
ASECHI02(config)# !
ASECHI02(config)# interface Eth1/1
ASECHI02(config-if)# !
ASECHI02(config-if)# no shutdown
ASECHI02(config-if)# !
ASECHI02(config-if)# no channel-group
Ethernet1/1: not part of port-channel
ASECHI02(config-if)# !
ASECHI02(config-if)# exit
ASECHI02(config)# !
ASECHI02(config)# </msg>
<msg timestamp="20151221 23:31:28.462" level="INFO">Command response:

ASECHI02# config
Enter configuration commands, one per line.  End with CNTL/Z.
ASECHI02(config)# !
ASECHI02(config)# interface Eth1/1
ASECHI02(config-if)# !
ASECHI02(config-if)# no shutdown
ASECHI02(config-if)# !
ASECHI02(config-if)# no channel-group
Ethernet1/1: not part of port-channel
ASECHI02(config-if)# !
ASECHI02(config-if)# exit
ASECHI02(config)# !
ASECHI02(config)# no interface port-channel 4
port-channel4: port-channel not present
ASECHI02(config)# </msg>
<msg timestamp="20151221 23:31:28.464" level="INFO">Command response:

ASECHI02# config
Enter configuration commands, one per line.  End with CNTL/Z.
ASECHI02(config)# !
ASECHI02(config)# interface Eth1/1
ASECHI02(config-if)# !
ASECHI02(config-if)# no shutdown
ASECHI02(config-if)# !
ASECHI02(config-if)# no channel-group
Ethernet1/1: not part of port-channel
ASECHI02(config-if)# !
ASECHI02(config-if)# exit
ASECHI02(config)# !
ASECHI02(config)# no interface port-channel 4
port-channel4: port-channel not present
ASECHI02(config)# !
ASECHI02(config)# </msg>
<msg timestamp="20151221 23:31:28.469" level="INFO">Command response:

ASECHI02# config
Enter configuration commands, one per line.  End with CNTL/Z.
ASECHI02(config)# !
ASECHI02(config)# interface Eth1/1
ASECHI02(config-if)# !
ASECHI02(config-if)# no shutdown
ASECHI02(config-if)# !
ASECHI02(config-if)# no channel-group
Ethernet1/1: not part of port-channel
ASECHI02(config-if)# !
ASECHI02(config-if)# exit
ASECHI02(config)# !
ASECHI02(config)# no interface port-channel 4
port-channel4: port-channel not present
ASECHI02(config)# !
ASECHI02(config)# end
ASECHI02# </msg>
<msg timestamp="20151221 23:31:28.470" level="INFO">Command response:

ASECHI02# config
Enter configuration commands, one per line.  End with CNTL/Z.
ASECHI02(config)# !
ASECHI02(config)# interface Eth1/1
ASECHI02(config-if)# !
ASECHI02(config-if)# no shutdown
ASECHI02(config-if)# !
ASECHI02(config-if)# no channel-group
Ethernet1/1: not part of port-channel
ASECHI02(config-if)# !
ASECHI02(config-if)# exit
ASECHI02(config)# !
ASECHI02(config)# no interface port-channel 4
port-channel4: port-channel not present
ASECHI02(config)# !
ASECHI02(config)# end
ASECHI02# !
ASECHI02# </msg>
<msg timestamp="20151221 23:31:28.472" level="INFO">Command response:

ASECHI02# </msg>
<msg timestamp="20151221 23:31:28.481" level="INFO">Command response:

ASECHI02# config
Enter configuration commands, one per line.  End with CNTL/Z.
ASECHI02(config)# </msg>
<msg timestamp="20151221 23:31:28.485" level="INFO">Command response:

ASECHI02# config
Enter configuration commands, one per line.  End with CNTL/Z.
ASECHI02(config)# !
ASECHI02(config)# </msg>
<msg timestamp="20151221 23:31:28.528" level="INFO">Command response:

ASECHI02# config
Enter configuration commands, one per line.  End with CNTL/Z.
ASECHI02(config)# !
ASECHI02(config)# interface Eth1/2
ASECHI02(config-if)# </msg>
<msg timestamp="20151221 23:31:28.539" level="INFO">Command response:

ASECHI02# config
Enter configuration commands, one per line.  End with CNTL/Z.
ASECHI02(config)# !
ASECHI02(config)# interface Eth1/2
ASECHI02(config-if)# !
ASECHI02(config-if)# </msg>
<msg timestamp="20151221 23:31:28.583" level="INFO">Command response:

ASECHI02# config
Enter configuration commands, one per line.  End with CNTL/Z.
ASECHI02(config)# !
ASECHI02(config)# interface Eth1/2
ASECHI02(config-if)# !
ASECHI02(config-if)# no shutdown
ASECHI02(config-if)# </msg>
<msg timestamp="20151221 23:31:28.584" level="INFO">Command response:

ASECHI02# config
Enter configuration commands, one per line.  End with CNTL/Z.
ASECHI02(config)# !
ASECHI02(config)# interface Eth1/2
ASECHI02(config-if)# !
ASECHI02(config-if)# no shutdown
ASECHI02(config-if)# !
ASECHI02(config-if)# </msg>
<msg timestamp="20151221 23:31:29.613" level="INFO">Command response:

ASECHI02# config
Enter configuration commands, one per line.  End with CNTL/Z.
ASECHI02(config)# !
ASECHI02(config)# interface Eth1/2
ASECHI02(config-if)# !
ASECHI02(config-if)# no shutdown
ASECHI02(config-if)# !
ASECHI02(config-if)# no channel-group
Ethernet1/2: not part of port-channel
ASECHI02(config-if)# </msg>
<msg timestamp="20151221 23:31:29.624" level="INFO">Command response:

ASECHI02# config
Enter configuration commands, one per line.  End with CNTL/Z.
ASECHI02(config)# !
ASECHI02(config)# interface Eth1/2
ASECHI02(config-if)# !
ASECHI02(config-if)# no shutdown
ASECHI02(config-if)# !
ASECHI02(config-if)# no channel-group
Ethernet1/2: not part of port-channel
ASECHI02(config-if)# !
ASECHI02(config-if)# </msg>
<msg timestamp="20151221 23:31:29.636" level="INFO">Command response:

ASECHI02# config
Enter configuration commands, one per line.  End with CNTL/Z.
ASECHI02(config)# !
ASECHI02(config)# interface Eth1/2
ASECHI02(config-if)# !
ASECHI02(config-if)# no shutdown
ASECHI02(config-if)# !
ASECHI02(config-if)# no channel-group
Ethernet1/2: not part of port-channel
ASECHI02(config-if)# !
ASECHI02(config-if)# exit
ASECHI02(config)# </msg>
<msg timestamp="20151221 23:31:29.638" level="INFO">Command response:

ASECHI02# config
Enter configuration commands, one per line.  End with CNTL/Z.
ASECHI02(config)# !
ASECHI02(config)# interface Eth1/2
ASECHI02(config-if)# !
ASECHI02(config-if)# no shutdown
ASECHI02(config-if)# !
ASECHI02(config-if)# no channel-group
Ethernet1/2: not part of port-channel
ASECHI02(config-if)# !
ASECHI02(config-if)# exit
ASECHI02(config)# !
ASECHI02(config)# </msg>
<msg timestamp="20151221 23:31:29.678" level="INFO">Command response:

ASECHI02# config
Enter configuration commands, one per line.  End with CNTL/Z.
ASECHI02(config)# !
ASECHI02(config)# interface Eth1/2
ASECHI02(config-if)# !
ASECHI02(config-if)# no shutdown
ASECHI02(config-if)# !
ASECHI02(config-if)# no channel-group
Ethernet1/2: not part of port-channel
ASECHI02(config-if)# !
ASECHI02(config-if)# exit
ASECHI02(config)# !
ASECHI02(config)# no interface port-channel 4
port-channel4: port-channel not present
ASECHI02(config)# </msg>
<msg timestamp="20151221 23:31:29.681" level="INFO">Command response:

ASECHI02# config
Enter configuration commands, one per line.  End with CNTL/Z.
ASECHI02(config)# !
ASECHI02(config)# interface Eth1/2
ASECHI02(config-if)# !
ASECHI02(config-if)# no shutdown
ASECHI02(config-if)# !
ASECHI02(config-if)# no channel-group
Ethernet1/2: not part of port-channel
ASECHI02(config-if)# !
ASECHI02(config-if)# exit
ASECHI02(config)# !
ASECHI02(config)# no interface port-channel 4
port-channel4: port-channel not present
ASECHI02(config)# !
ASECHI02(config)# </msg>
<msg timestamp="20151221 23:31:29.688" level="INFO">Command response:

ASECHI02# config
Enter configuration commands, one per line.  End with CNTL/Z.
ASECHI02(config)# !
ASECHI02(config)# interface Eth1/2
ASECHI02(config-if)# !
ASECHI02(config-if)# no shutdown
ASECHI02(config-if)# !
ASECHI02(config-if)# no channel-group
Ethernet1/2: not part of port-channel
ASECHI02(config-if)# !
ASECHI02(config-if)# exit
ASECHI02(config)# !
ASECHI02(config)# no interface port-channel 4
port-channel4: port-channel not present
ASECHI02(config)# !
ASECHI02(config)# end
ASECHI02# </msg>
<msg timestamp="20151221 23:31:29.690" level="INFO">Command response:

ASECHI02# config
Enter configuration commands, one per line.  End with CNTL/Z.
ASECHI02(config)# !
ASECHI02(config)# interface Eth1/2
ASECHI02(config-if)# !
ASECHI02(config-if)# no shutdown
ASECHI02(config-if)# !
ASECHI02(config-if)# no channel-group
Ethernet1/2: not part of port-channel
ASECHI02(config-if)# !
ASECHI02(config-if)# exit
ASECHI02(config)# !
ASECHI02(config)# no interface port-channel 4
port-channel4: port-channel not present
ASECHI02(config)# !
ASECHI02(config)# end
ASECHI02# !
ASECHI02# </msg>
<msg timestamp="20151221 23:31:29.690" html="yes" level="INFO">
&lt;font face="verdana" color="DarkMagenta"&gt;Configuring Logging TimeStamp to Seconds</msg>
<msg timestamp="20151221 23:31:29.690" level="FAIL">NameError: global name 'duts' is not defined</msg>
<status status="FAIL" endtime="20151221 23:31:29.691" starttime="20151221 23:31:24.045"></status>
</kw>
<doc>This testcase verifies _show bfd neighbors_ output on *Cisco SBC* router.</doc>
<status status="FAIL" endtime="20151221 23:31:29.691" critical="yes" starttime="20151221 23:31:24.034">NameError: global name 'duts' is not defined</status>
</test>
<kw type="teardown" name="Suite Cleanup" library="tip_n3k_bfd_testsuite.TestSuite">
<msg timestamp="20151221 23:31:29.763" level="INFO">Releasing the connection established to the test devices</msg>
<status status="PASS" endtime="20151221 23:31:29.763" starttime="20151221 23:31:29.692"></status>
</kw>
<status status="FAIL" endtime="20151221 23:31:29.763" starttime="20151221 23:31:21.060"></status>
</suite>
<statistics>
<total>
<stat fail="1" pass="0">Critical Tests</stat>
<stat fail="1" pass="0">All Tests</stat>
</total>
<tag>
</tag>
<suite>
<stat fail="1" id="s1" name="Tip N3K Bfd Robotfile" pass="0">Tip N3K Bfd Robotfile</stat>
</suite>
</statistics>
<errors>
</errors>
</robot>
